temp,feels_like,temp_min,temp_max,pressure,humidity,sea_level,grnd_level,time
76.95,76.84,74.25,79.5,1011,53,1011,1007,21-Jul-2025 16:17:22
76.84,76.66,74.25,79.07,1011,52,1011,1007,21-Jul-2025 16:38:15
76.87,76.71,74.66,79.14,1011,52,1011,1007,21-Jul-2025 16:49:04
77.16,76.98,74.98,79.11,1011,51,1011,1007,21-Jul-2025 17:05:04
77.14,77,74.84,79.18,1011,52,1011,1007,21-Jul-2025 17:09:43
77.34,77.13,75,79.18,1011,50,1011,1007,21-Jul-2025 17:25:42
78.24,77.97,75.29,80.15,1011,47,1011,1007,21-Jul-2025 17:47:14
78.26,77.99,75.36,80.15,1011,47,1011,1007,21-Jul-2025 17:52:58
78.24,77.94,75.31,80.15,1011,46,1011,1007,21-Jul-2025 17:56:40
78.22,77.86,75.31,80.15,1012,45,1012,1007,21-Jul-2025 18:13:03
78.39,77.99,75.31,80.1,1012,44,1012,1007,21-Jul-2025 18:25:09
78.33,77.85,75.67,80.53,1011,42,1011,1007,21-Jul-2025 18:48:56
78.4,77.92,75.67,80.53,1011,42,1011,1007,21-Jul-2025 18:56:32
78.4,77.92,75.67,80.53,1011,42,1011,1007,21-Jul-2025 18:56:32
78.24,77.7,75.85,80.53,1012,41,1012,1007,21-Jul-2025 19:17:32
78.62,78.06,75.99,81.09,1011,40,1011,1007,21-Jul-2025 19:35:53
78.62,78.06,75.99,81.09,1011,40,1011,1007,21-Jul-2025 19:34:51
78.58,77.97,75.99,81.09,1011,39,1011,1007,21-Jul-2025 19:53:48
78.4,77.83,75.85,81.07,1011,40,1011,1007,21-Jul-2025 19:57:21
78.31,77.68,76.08,80.51,1012,39,1012,1007,21-Jul-2025 20:17:45
78.4,77.77,75.85,80.53,1012,39,1012,1007,21-Jul-2025 20:33:19
78.26,77.61,75.72,80.53,1012,39,1012,1007,21-Jul-2025 20:43:52
78.42,77.76,75.45,80.53,1012,38,1012,1007,21-Jul-2025 20:56:06
78.42,77.76,75.45,80.53,1012,38,1012,1007,21-Jul-2025 20:56:06
78.03,77.31,75.15,80.1,1012,38,1012,1007,21-Jul-2025 21:10:14
77.86,77.18,75.09,80.1,1012,39,1012,1007,21-Jul-2025 21:22:51
77.45,76.73,74.84,79.5,1012,39,1012,1008,21-Jul-2025 21:34:30
77.4,76.68,74.37,79.52,1012,39,1012,1008,21-Jul-2025 21:45:45
77.34,76.6,74.5,79.5,1013,39,1013,1008,21-Jul-2025 21:51:12
77.16,76.41,74.14,79.21,1013,39,1013,1008,21-Jul-2025 21:56:01
76.59,75.83,74.14,78.53,1013,40,1013,1008,21-Jul-2025 22:14:13
76.44,75.67,73.72,78.3,1013,40,1013,1008,21-Jul-2025 22:24:55
76.1,75.29,73.2,78.1,1013,40,1013,1009,21-Jul-2025 22:39:19
75.54,74.73,73,77.29,1013,41,1013,1009,21-Jul-2025 22:49:57
75.34,74.5,72.5,77.29,1013,41,1013,1009,21-Jul-2025 22:59:30
74.75,73.85,72,76.77,1013,41,1013,1009,21-Jul-2025 23:07:51
74.23,73.33,71.31,75.99,1014,42,1014,1009,21-Jul-2025 23:28:49
73.74,72.79,71.01,75.22,1014,42,1014,1010,21-Jul-2025 23:38:16
73.72,72.77,71.01,75.22,1014,42,1014,1010,21-Jul-2025 23:39:57
73.06,72.14,70,74.41,1014,44,1014,1010,21-Jul-2025 23:50:00
72.21,71.2,69.15,73.42,1014,44,1014,1010,22-Jul-2025 00:16:21
70.65,69.62,67.14,72.09,1015,47,1015,1012,22-Jul-2025 00:43:14
69.49,68.49,65.14,71.1,1015,50,1015,1012,22-Jul-2025 01:16:30
67.53,66.52,63.14,69.46,1016,54,1016,1012,22-Jul-2025 01:59:29
65.17,64.17,60.73,67.08,1017,59,1017,1013,22-Jul-2025 02:41:48
64.38,63.34,59.72,66.09,1016,60,1016,1013,22-Jul-2025 03:16:08
62.83,61.77,58.69,65.08,1017,63,1017,1013,22-Jul-2025 03:44:03
61.92,60.85,57.51,64.09,1017,65,1017,1013,22-Jul-2025 04:17:23
61.39,60.33,57.16,63.36,1018,66,1018,1014,22-Jul-2025 04:35:29
60.76,59.74,56.71,63.09,1018,68,1018,1014,22-Jul-2025 04:53:45
60.75,59.72,56.16,62.94,1017,68,1017,1014,22-Jul-2025 05:06:57
60.1,59.05,55.51,62.17,1017,69,1017,1014,22-Jul-2025 05:17:47
60.17,59.13,55.44,62.1,1018,69,1018,1014,22-Jul-2025 05:36:09
59.9,58.84,55.15,62.1,1018,69,1018,1014,22-Jul-2025 05:47:53
59.34,58.32,55.15,61.14,1018,71,1018,1014,22-Jul-2025 06:01:51
59.29,58.26,54.5,61.14,1018,71,1018,1014,22-Jul-2025 06:10:45
58.98,57.96,54.14,61.11,1018,72,1018,1014,22-Jul-2025 06:30:28
58.69,57.69,53.58,61.07,1018,73,1018,1014,22-Jul-2025 06:46:36
58.37,57.34,53.44,60.24,1018,73,1018,1014,22-Jul-2025 06:55:32
58.03,56.97,53.38,60.24,1018,73,1018,1014,22-Jul-2025 07:11:29
57.97,56.95,53.15,60.12,1018,74,1018,1014,22-Jul-2025 07:25:50
57.83,56.79,53.33,59.95,1018,74,1018,1014,22-Jul-2025 07:42:54
57.76,56.71,52.7,59.95,1018,74,1018,1014,22-Jul-2025 07:40:00
57.36,56.32,52.38,59.95,1018,75,1018,1014,22-Jul-2025 08:02:11
57.27,56.26,52.05,59.16,1018,76,1018,1014,22-Jul-2025 08:15:01
56.86,55.81,51.51,59.11,1019,76,1019,1015,22-Jul-2025 08:35:34
56.86,55.81,51.51,59.11,1019,76,1019,1015,22-Jul-2025 08:36:29
56.75,55.69,51.39,59.11,1019,76,1019,1015,22-Jul-2025 08:47:02
56.37,55.27,51.39,58.98,1019,76,1019,1015,22-Jul-2025 09:11:57
55.83,54.68,51.33,58.1,1019,76,1019,1015,22-Jul-2025 09:30:00
55.9,54.81,51.26,58.06,1019,77,1019,1015,22-Jul-2025 09:45:01
55.8,54.64,51.26,58.06,1019,76,1019,1015,22-Jul-2025 09:46:20
55.8,54.64,51.26,58.06,1019,76,1019,1015,22-Jul-2025 09:54:20
55.54,54.52,50.7,58.1,1019,79,1019,1015,22-Jul-2025 10:08:50
55.54,54.52,51.21,58.1,1019,79,1019,1015,22-Jul-2025 10:22:41
58.41,57.52,54.63,61.07,1020,76,1020,1016,22-Jul-2025 10:47:37
58.37,57.49,53.51,61.45,1020,76,1020,1016,22-Jul-2025 10:56:52
59.11,58.3,55.02,62.11,1020,76,1020,1016,22-Jul-2025 11:05:46
58.93,58.1,55.02,61.99,1020,76,1020,1016,22-Jul-2025 11:10:00
59.83,58.98,55.78,62.1,1020,74,1020,1016,22-Jul-2025 11:29:43
62.24,61.32,58.23,64.94,1020,67,1020,1016,22-Jul-2025 11:38:30
62.24,61.32,58.23,64.94,1020,67,1020,1016,22-Jul-2025 11:38:30
62.6,61.75,59.5,65.07,1020,68,1020,1016,22-Jul-2025 11:47:02
63.9,63.09,60.17,66.15,1021,66,1021,1016,22-Jul-2025 12:08:52
63.9,63.09,60.17,66.15,1021,66,1021,1016,22-Jul-2025 12:07:58
66.69,65.88,62.85,69.39,1020,60,1020,1016,22-Jul-2025 12:36:03
67.42,66.63,63.72,70.14,1020,59,1020,1016,22-Jul-2025 12:52:21
67.98,67.21,64.99,70.45,1021,58,1021,1016,22-Jul-2025 13:15:30
69.82,68.99,66.97,72.34,1020,53,1020,1016,22-Jul-2025 13:41:19
70.57,69.73,67.35,73.53,1020,51,1020,1016,22-Jul-2025 13:56:40
71.01,70.16,68,73.51,1021,50,1021,1016,22-Jul-2025 14:08:18
71.37,70.5,68.23,74.19,1021,49,1021,1016,22-Jul-2025 14:22:12
71.51,70.66,68.36,74.19,1021,49,1021,1016,22-Jul-2025 14:28:30
72.1,71.28,69.1,74.5,1020,48,1020,1016,22-Jul-2025 14:40:51
72.61,71.78,69.22,75.15,1020,47,1020,1016,22-Jul-2025 14:53:01
72.84,72.03,70.05,75.52,1021,47,1021,1016,22-Jul-2025 15:08:09
73.24,72.46,70.21,75.94,1021,47,1021,1016,22-Jul-2025 15:20:00
73.85,73.09,71.37,76.32,1020,46,1020,1015,22-Jul-2025 15:35:26
74.05,73.31,71.1,77.11,1020,46,1020,1015,22-Jul-2025 15:55:23
74.44,73.71,71.22,77.52,1020,45,1020,1015,22-Jul-2025 16:00:33
74.93,74.19,72.14,77.5,1020,44,1020,1015,22-Jul-2025 16:17:01
75.76,75,72.66,78.33,1020,42,1020,1015,22-Jul-2025 16:32:57
75.78,75.07,73.24,78.33,1019,43,1019,1015,22-Jul-2025 16:46:57
75.9,75.22,73.24,78.53,1019,43,1019,1015,22-Jul-2025 16:49:31
75.92,75.27,73.09,78.51,1020,44,1020,1015,22-Jul-2025 17:11:35
75.92,75.27,73.09,78.51,1020,44,1020,1015,22-Jul-2025 17:13:42
76.71,76.1,73.45,79.5,1019,43,1019,1015,22-Jul-2025 17:34:10
76.73,76.17,73.22,79.72,1019,44,1019,1015,22-Jul-2025 17:47:29
76.84,76.24,73.99,79.72,1019,43,1019,1015,22-Jul-2025 17:58:09
77.36,76.82,73.94,80.33,1020,43,1020,1015,22-Jul-2025 18:18:50
77.49,76.96,73.99,80.33,1019,43,1019,1015,22-Jul-2025 18:35:55
77.67,77.16,74.08,81.01,1019,43,1019,1015,22-Jul-2025 18:52:04
77.32,76.82,74.08,80.51,1019,44,1019,1015,22-Jul-2025 18:57:38
77.43,76.95,74.41,81.01,1019,44,1019,1015,22-Jul-2025 19:11:46
77.23,76.77,73.94,80.53,1019,45,1019,1015,22-Jul-2025 19:22:41
77.22,76.75,73.99,80.53,1019,45,1019,1015,22-Jul-2025 19:29:13
76.24,75.78,73.09,80.56,1019,47,1019,1015,22-Jul-2025 19:42:58
76.01,75.56,72.95,80.28,1019,48,1019,1015,22-Jul-2025 19:53:49
76.12,75.63,72.95,80.28,1019,47,1019,1015,22-Jul-2025 20:00:16
76.1,75.67,72.95,80.29,1019,48,1019,1015,22-Jul-2025 20:09:05
76.03,75.58,73,80.11,1019,48,1019,1015,22-Jul-2025 20:25:01
75.76,75.34,72.95,79.63,1019,49,1019,1015,22-Jul-2025 20:41:13
75.74,75.27,72.95,79.41,1019,48,1019,1015,22-Jul-2025 20:52:12
75.67,75.18,72.95,79.41,1019,48,1019,1015,22-Jul-2025 20:56:18
75.22,74.75,72.09,78.22,1019,49,1019,1015,22-Jul-2025 21:14:36
75.45,75.06,71.85,79.34,1019,50,1019,1015,22-Jul-2025 21:22:09
75.36,74.86,71.46,78.71,1020,48,1020,1015,22-Jul-2025 21:36:33
75.36,74.86,71.46,78.71,1020,48,1020,1015,22-Jul-2025 21:36:33
75.2,74.68,71.55,78.66,1020,48,1020,1015,22-Jul-2025 21:52:09
74.91,74.41,71.15,78.58,1020,49,1020,1015,22-Jul-2025 22:04:03
74.25,73.67,70.95,77.65,1020,49,1020,1015,22-Jul-2025 22:18:12
74.14,73.6,70.95,77.58,1020,50,1020,1015,22-Jul-2025 22:23:39
73.47,72.91,70.14,75.85,1020,51,1020,1016,22-Jul-2025 22:33:56
73.13,72.59,70.14,75.36,1020,52,1020,1016,22-Jul-2025 22:45:15
73.33,72.86,70.14,75.58,1020,53,1020,1016,22-Jul-2025 22:56:53
72.91,72.45,69.31,75.43,1020,54,1020,1016,22-Jul-2025 23:12:01
72.39,71.92,68.72,75.22,1020,55,1020,1016,22-Jul-2025 23:19:03
70.57,70.05,67.95,72.66,1021,58,1021,1017,22-Jul-2025 23:35:08
70.48,69.96,67.95,72.36,1021,58,1021,1017,22-Jul-2025 23:42:41
70.41,69.87,67.3,72.14,1021,58,1021,1017,22-Jul-2025 23:53:12
69.6,69.17,66.45,71.06,1021,62,1021,1017,23-Jul-2025 00:15:01
67.46,66.96,64.15,69.1,1021,65,1021,1017,23-Jul-2025 00:39:49
67.15,66.72,63.14,68.45,1021,67,1021,1017,23-Jul-2025 01:16:32
66.15,65.75,62.01,67.44,1022,70,1022,1018,23-Jul-2025 01:59:12
65.89,65.48,61.88,67.41,1022,70,1022,1018,23-Jul-2025 02:41:49
65.8,65.37,61.14,67.15,1022,70,1022,1018,23-Jul-2025 03:24:14
65.17,64.78,60.89,66.99,1022,72,1022,1018,23-Jul-2025 03:54:37
64.94,64.56,60.89,66.78,1022,73,1022,1018,23-Jul-2025 04:08:18
64.89,64.51,60.15,66.45,1022,73,1022,1019,23-Jul-2025 04:30:20
64.17,63.81,60.01,66,1022,75,1022,1019,23-Jul-2025 04:45:39
63.99,63.7,59.14,65.34,1022,77,1022,1019,23-Jul-2025 05:04:58
64.13,63.82,59.14,65.34,1022,76,1022,1019,23-Jul-2025 05:20:34
63.66,63.36,58.69,64.99,1023,77,1023,1019,23-Jul-2025 05:37:07
63.66,63.45,58.69,65.08,1023,79,1023,1019,23-Jul-2025 05:55:53
63.37,63.12,58.69,64.99,1023,79,1023,1019,23-Jul-2025 05:57:10
63.52,63.14,58.5,65.08,1023,76,1023,1019,23-Jul-2025 06:20:16
63.52,63.19,58.5,65.08,1023,77,1023,1019,23-Jul-2025 06:26:51
62.26,61.84,58.37,64,1023,78,1023,1018,23-Jul-2025 06:50:59
62.42,61.99,58.15,64.09,1023,77,1023,1018,23-Jul-2025 07:02:46
62.22,61.81,57.38,64.09,1023,78,1023,1018,23-Jul-2025 07:10:00
61.48,61.23,57.25,63.28,1023,83,1023,1018,23-Jul-2025 07:30:00
61.21,60.89,57.25,63.28,1023,82,1023,1018,23-Jul-2025 07:41:58
61.23,60.91,57,63.41,1023,82,1023,1018,23-Jul-2025 07:51:21
61.11,60.76,57,63.28,1023,82,1023,1018,23-Jul-2025 07:55:49
60.91,60.55,56.25,63.07,1023,82,1023,1018,23-Jul-2025 08:17:30
60.73,60.35,56.25,62.94,1023,82,1023,1018,23-Jul-2025 08:29:30
60.35,59.99,55.71,62.42,1023,83,1023,1019,23-Jul-2025 08:45:10
60.26,59.88,55.71,62.29,1023,83,1023,1019,23-Jul-2025 08:51:01
60.06,59.67,55.26,62.29,1023,83,1023,1019,23-Jul-2025 09:07:28
59.88,59.47,55.15,62.08,1023,83,1023,1019,23-Jul-2025 09:24:39
59.74,59.31,55.15,62.08,1023,83,1023,1019,23-Jul-2025 09:34:08
59.9,59.49,55.15,62.1,1023,83,1023,1019,23-Jul-2025 09:45:00
59.9,59.49,55.15,62.1,1023,83,1023,1019,23-Jul-2025 10:05:33
59.92,59.5,55.15,62.1,1023,83,1023,1019,23-Jul-2025 10:11:12
59.7,59.23,55.15,62.1,1023,82,1023,1019,23-Jul-2025 10:27:09
61.16,60.78,56.55,63.45,1024,81,1024,1019,23-Jul-2025 10:47:48
62.01,61.66,57.15,64.35,1024,80,1024,1019,23-Jul-2025 10:57:07
62.01,61.66,57.15,64.35,1024,80,1024,1019,23-Jul-2025 10:57:07
63.18,62.96,58.42,65.44,1024,80,1024,1019,23-Jul-2025 11:17:13
63.41,63.16,58.68,65.44,1024,79,1024,1019,23-Jul-2025 11:27:36
63.41,63.16,58.68,65.44,1024,79,1024,1019,23-Jul-2025 11:27:36
64.99,64.96,61.05,67.21,1024,80,1024,1020,23-Jul-2025 11:38:50
65.61,65.59,61.43,68.09,1024,79,1024,1020,23-Jul-2025 11:51:41
67.12,67.15,63.34,69.1,1024,77,1024,1020,23-Jul-2025 12:14:00
68.05,67.98,64.51,70.38,1024,73,1024,1020,23-Jul-2025 12:20:34
69.96,69.94,66.24,72.27,1024,70,1024,1020,23-Jul-2025 12:39:23
70.92,70.95,67.57,73.71,1024,69,1024,1020,23-Jul-2025 12:59:45
72.18,72.19,68.72,75.43,1024,66,1024,1020,23-Jul-2025 13:22:37
73.72,73.76,71.1,76.51,1024,63,1024,1020,23-Jul-2025 13:44:01
74.41,74.46,71.08,77.43,1024,62,1024,1020,23-Jul-2025 13:46:19
75.34,75.45,72.09,78.35,1024,61,1024,1020,23-Jul-2025 14:10:07
75.36,75.47,72.09,78.35,1024,61,1024,1020,23-Jul-2025 14:13:12
76.89,76.96,73.09,80.15,1024,57,1024,1019,23-Jul-2025 14:33:35
77.07,77.16,73.09,80.15,1024,57,1024,1019,23-Jul-2025 14:38:53
77.79,77.9,73.51,81.12,1024,56,1024,1019,23-Jul-2025 14:52:59
78.33,78.4,74.84,81.5,1024,54,1024,1019,23-Jul-2025 15:01:29
79,79,74.95,81.32,1024,53,1024,1019,23-Jul-2025 15:17:27
79,79,74.95,82.11,1023,51,1023,1019,23-Jul-2025 15:34:34
79.14,79.14,75.09,82.11,1023,51,1023,1019,23-Jul-2025 15:36:13
79.79,79.79,76.66,82.56,1023,49,1023,1019,23-Jul-2025 15:54:21
80.26,80.94,76.95,83.26,1023,49,1023,1019,23-Jul-2025 16:02:48
80.78,81.19,77.14,83.26,1023,47,1023,1019,23-Jul-2025 16:16:58
80.76,81.18,76.66,83.55,1023,47,1023,1019,23-Jul-2025 16:24:05
81.41,81.64,77.25,84.06,1023,46,1023,1018,23-Jul-2025 16:44:17
80.56,81.1,76.95,84.11,1023,48,1023,1018,23-Jul-2025 16:57:14
80.46,81.1,76.95,84.43,1023,49,1023,1018,23-Jul-2025 17:08:09
80.91,81.41,76.95,84.52,1023,48,1023,1018,23-Jul-2025 17:25:36
81.07,81.57,76.95,85.26,1023,48,1023,1018,23-Jul-2025 17:40:00
82.17,82.51,77.09,85.77,1023,47,1023,1018,23-Jul-2025 17:55:55
81.77,82.38,77.95,85.77,1023,49,1023,1018,23-Jul-2025 18:01:14
81.36,81.97,77.95,85.42,1023,49,1023,1018,23-Jul-2025 18:11:54
81.7,82.17,77.95,86.11,1022,48,1022,1018,23-Jul-2025 18:33:29
81.79,82.26,77.95,86.11,1022,48,1022,1018,23-Jul-2025 18:49:09
81.81,82.27,77.95,85.77,1022,48,1022,1018,23-Jul-2025 18:58:39
82.08,82.56,77.95,85.77,1022,48,1022,1018,23-Jul-2025 19:05:00
82.62,82.81,78.15,86.32,1022,46,1022,1018,23-Jul-2025 19:20:30
82.29,82.63,78.15,86.14,1022,47,1022,1018,23-Jul-2025 19:24:20
81.95,82.42,77.95,86.11,1022,48,1022,1017,23-Jul-2025 19:42:28
81.93,82.54,77.95,86.11,1022,49,1022,1017,23-Jul-2025 19:39:22
82.54,82.89,79.09,86.43,1022,47,1022,1017,23-Jul-2025 20:00:04
81.93,82.54,79.07,86.11,1022,49,1022,1017,23-Jul-2025 20:15:55
82.17,82.8,78.46,86.09,1022,49,1022,1017,23-Jul-2025 20:28:37
81.54,82.27,77.45,85.1,1021,50,1021,1017,23-Jul-2025 20:37:35
81.39,82.26,79.09,85.21,1021,51,1021,1017,23-Jul-2025 20:50:31
81.5,82.38,79.09,85.21,1021,51,1021,1017,23-Jul-2025 20:56:27
81.1,81.97,76.95,85.21,1022,51,1022,1017,23-Jul-2025 21:12:58
81.21,82.08,77.23,85.05,1022,51,1022,1017,23-Jul-2025 21:17:43
80.82,81.91,77.09,84.58,1021,53,1021,1017,23-Jul-2025 21:37:06
80.78,81.88,77.09,84.58,1021,53,1021,1017,23-Jul-2025 21:38:55
81.01,82.13,77.09,84.58,1021,53,1021,1017,23-Jul-2025 21:52:45
80.96,82.06,77.09,84.22,1021,53,1021,1017,23-Jul-2025 22:00:04
81,82.11,77.09,84.22,1021,53,1021,1017,23-Jul-2025 22:05:47
81.43,82.44,76.23,84.15,1021,52,1021,1017,23-Jul-2025 22:24:13
79.18,79.18,74.44,81.84,1021,58,1021,1017,23-Jul-2025 22:43:05
79.18,79.18,74.44,81.84,1021,58,1021,1017,23-Jul-2025 22:44:11
78.67,79.02,74.88,81.41,1021,59,1021,1017,23-Jul-2025 22:58:58
78.85,78.85,74.23,81.41,1021,57,1021,1017,23-Jul-2025 23:10:01
78.1,78.48,73.65,80.85,1021,61,1021,1017,23-Jul-2025 23:28:29
76.82,77.16,73.31,78.75,1021,63,1021,1017,23-Jul-2025 23:38:43
76.51,76.87,72.28,78.35,1022,64,1022,1017,23-Jul-2025 23:48:52
76.3,76.68,72.28,78.35,1022,65,1022,1017,23-Jul-2025 23:51:58
75.85,76.19,72.07,77.67,1021,65,1021,1017,24-Jul-2025 00:14:49
74.75,75.07,71.15,76.37,1022,67,1022,1018,24-Jul-2025 00:32:18
73.31,73.63,70.14,75,1022,70,1022,1019,24-Jul-2025 01:13:00
71.98,72.27,69.01,73.85,1022,72,1022,1019,24-Jul-2025 02:03:21
71.04,71.33,68,72.41,1023,74,1023,1019,24-Jul-2025 02:49:52
70.52,70.75,67.3,72,1023,74,1023,1019,24-Jul-2025 03:24:23
69.96,70.18,66.99,71.42,1023,75,1023,1019,24-Jul-2025 03:51:17
69.44,69.6,66.31,71.01,1022,75,1022,1019,24-Jul-2025 04:18:19
69.21,69.4,66.31,70.41,1022,76,1022,1018,24-Jul-2025 04:34:43
69.13,69.28,66,70.45,1022,75,1022,1018,24-Jul-2025 04:50:17
68.94,69.1,65.88,70.41,1022,76,1022,1018,24-Jul-2025 05:06:18
68.59,68.72,65.57,70,1022,76,1022,1018,24-Jul-2025 05:18:11
68.38,68.49,65.43,70,1022,76,1022,1018,24-Jul-2025 05:38:00
68.27,68.38,65.43,69.75,1022,76,1022,1018,24-Jul-2025 05:52:46
68.16,68.25,64.99,69.75,1022,76,1022,1018,24-Jul-2025 06:04:51
67.84,67.95,64.89,69.42,1022,77,1022,1018,24-Jul-2025 06:17:33
67.8,67.91,64.78,69.42,1022,77,1022,1018,24-Jul-2025 06:27:55
67.68,67.77,64.63,69.17,1022,77,1022,1018,24-Jul-2025 06:52:11
67.57,67.64,64.51,69.17,1022,77,1022,1018,24-Jul-2025 07:02:58
67.48,67.55,64.31,69.01,1022,77,1022,1018,24-Jul-2025 07:19:03
67.48,67.55,64.31,69.01,1022,77,1022,1018,24-Jul-2025 07:24:19
67.19,67.23,64.26,68.41,1022,77,1022,1018,24-Jul-2025 07:37:16
67.17,67.21,64.26,68.41,1022,77,1022,1018,24-Jul-2025 07:42:17
66.92,66.94,63.88,68.41,1022,77,1022,1018,24-Jul-2025 08:06:33
66.92,66.94,63.88,68.41,1022,77,1022,1018,24-Jul-2025 08:16:25
66.79,66.85,63.57,68.41,1022,78,1022,1018,24-Jul-2025 08:34:27
66.79,66.85,63.57,68.41,1022,78,1022,1018,24-Jul-2025 08:39:02
66.67,66.7,63.57,68.41,1022,78,1022,1018,24-Jul-2025 09:00:03
66.51,66.52,63.25,68.16,1021,78,1021,1018,24-Jul-2025 09:08:26
66.52,66.69,63.25,68.22,1021,81,1021,1018,24-Jul-2025 09:26:53
66.52,66.69,63.25,68.16,1022,81,1022,1018,24-Jul-2025 09:41:24
66.61,66.78,63.43,68.16,1022,81,1022,1018,24-Jul-2025 09:55:20
66.63,66.79,63.43,68.16,1022,81,1022,1018,24-Jul-2025 09:58:38
66.65,66.87,63.63,68.22,1021,82,1021,1018,24-Jul-2025 10:12:37
66.92,67.17,64,68.41,1021,82,1021,1018,24-Jul-2025 10:25:47
67.28,67.51,64.33,69.08,1022,81,1022,1018,24-Jul-2025 10:39:17
67.77,68.09,64.99,69.21,1022,82,1022,1018,24-Jul-2025 10:57:14
68.63,68.95,66,70.45,1021,80,1021,1018,24-Jul-2025 11:05:41
68.61,68.94,66,70.45,1021,80,1021,1018,24-Jul-2025 11:07:59
69.24,69.49,66.58,71.2,1021,77,1021,1018,24-Jul-2025 11:25:00
69.48,69.75,67.24,71.46,1022,77,1022,1018,24-Jul-2025 11:30:00
70.12,70.41,67.57,72.16,1022,76,1022,1018,24-Jul-2025 11:40:51
70.57,70.86,68.11,72.7,1022,75,1022,1018,24-Jul-2025 11:50:11
71.58,71.92,69.58,73.72,1022,74,1022,1018,24-Jul-2025 12:01:03
72.01,72.34,69.66,74.08,1021,73,1021,1018,24-Jul-2025 12:08:56
73.81,74.19,71.33,75.94,1021,70,1021,1017,24-Jul-2025 12:35:00
74.91,75.31,72.32,77.09,1021,68,1021,1017,24-Jul-2025 13:00:01
76.3,76.73,74.32,78.73,1021,66,1021,1017,24-Jul-2025 13:21:41
77.07,77.54,74.84,79.72,1021,65,1021,1016,24-Jul-2025 13:40:00
77.85,78.33,75.67,80.51,1021,64,1021,1016,24-Jul-2025 13:59:02
78.89,78.89,76.66,81.43,1021,63,1021,1016,24-Jul-2025 14:11:03
79.38,79.38,77,82.2,1021,63,1021,1016,24-Jul-2025 14:21:54
80.17,82.24,78.01,82.51,1020,62,1020,1016,24-Jul-2025 14:39:08
80.91,83.23,78.73,83.43,1020,62,1020,1016,24-Jul-2025 14:46:31
81.1,83.35,78.67,83.95,1020,61,1020,1016,24-Jul-2025 14:59:53
81.95,84.54,79.23,84.43,1020,61,1020,1016,24-Jul-2025 15:10:09
82.45,85.3,80.01,85.19,1020,61,1020,1016,24-Jul-2025 15:18:47
82.38,85.19,80.01,85.19,1020,61,1020,1016,24-Jul-2025 15:25:09
83.59,86.85,80.71,86.5,1020,60,1020,1015,24-Jul-2025 15:45:31
83.59,86.85,80.71,86.5,1020,60,1020,1015,24-Jul-2025 15:45:31
83.8,86.94,81,86.5,1020,59,1020,1015,24-Jul-2025 15:56:44
84.38,87.89,82,86.95,1020,59,1020,1015,24-Jul-2025 16:07:10
85.44,89.4,82.29,88.09,1019,58,1019,1014,24-Jul-2025 16:30:02
85.91,89.89,83.28,88.34,1019,57,1019,1014,24-Jul-2025 16:42:30
86.38,90.37,83.41,89.1,1019,56,1019,1014,24-Jul-2025 16:56:30
86.83,91.18,84,89.28,1019,56,1019,1014,24-Jul-2025 17:09:12
86.86,91.26,84,89.51,1019,56,1019,1014,24-Jul-2025 17:15:53
87.37,91.8,84.88,89.94,1018,55,1018,1013,24-Jul-2025 17:38:30
87.39,91.83,84.88,89.94,1018,55,1018,1013,24-Jul-2025 17:39:50
87.78,92.57,85.28,90.32,1018,55,1018,1013,24-Jul-2025 17:51:47
88.27,93.07,85.46,90.5,1018,54,1018,1013,24-Jul-2025 18:02:01
88.2,92.93,85.64,90.43,1017,54,1017,1013,24-Jul-2025 18:18:41
88.43,93.38,85.64,91.09,1017,54,1017,1013,24-Jul-2025 18:28:03
88.93,93.9,86.11,91.26,1016,53,1016,1012,24-Jul-2025 18:47:12
89.01,94.05,86.36,91.42,1016,53,1016,1012,24-Jul-2025 18:58:12
89.15,94.32,86.36,91.42,1016,53,1016,1012,24-Jul-2025 19:00:34
89.29,94.15,86.38,91.27,1017,52,1017,1012,24-Jul-2025 19:12:03
89.31,94.19,86.47,91.78,1017,52,1017,1012,24-Jul-2025 19:26:04
89.33,94.68,86.47,91.45,1016,53,1016,1011,24-Jul-2025 19:34:13
89.38,94.78,86.47,91.45,1016,53,1016,1011,24-Jul-2025 19:41:51
89.2,94.42,86.23,91.45,1016,53,1016,1011,24-Jul-2025 19:53:03
89.26,94.98,86.47,91.45,1016,54,1016,1011,24-Jul-2025 20:03:22
89.01,94.5,86.14,91.45,1016,54,1016,1011,24-Jul-2025 20:28:12
88.65,93.79,86.29,91.13,1015,54,1015,1011,24-Jul-2025 20:39:04
88.86,94.66,85.68,91.13,1015,55,1015,1011,24-Jul-2025 20:52:43
88.36,93.67,84.94,90.45,1015,55,1015,1011,24-Jul-2025 21:01:57
88.3,93.56,84.94,90.45,1015,55,1015,1011,24-Jul-2025 21:10:00
88.12,93.22,84.51,90.28,1015,55,1015,1011,24-Jul-2025 21:24:59
87.57,92.97,83.5,90.12,1015,57,1015,1010,24-Jul-2025 21:39:32
87.35,92.55,82.94,89.29,1015,57,1015,1010,24-Jul-2025 21:46:34
87.4,92.64,83.14,89.98,1015,57,1015,1010,24-Jul-2025 21:45:00
86.59,91.49,82.24,89.13,1015,58,1015,1010,24-Jul-2025 22:05:09
86.59,91.49,82.24,89.01,1015,58,1015,1010,24-Jul-2025 22:07:01
86.32,91.35,81.14,88.45,1015,59,1015,1010,24-Jul-2025 22:28:29
85.15,89.53,80.31,87.78,1015,60,1015,1011,24-Jul-2025 22:42:58
84.45,88.57,79.95,87.13,1015,61,1015,1011,24-Jul-2025 22:48:17
84.33,88.36,79.66,87.13,1015,61,1015,1011,24-Jul-2025 22:55:03
83.39,87.28,79,86.13,1015,63,1015,1011,24-Jul-2025 23:15:54
82.54,86.07,78.3,85.32,1015,64,1015,1011,24-Jul-2025 23:29:12
82.54,86.07,78.3,85.32,1015,64,1015,1011,24-Jul-2025 23:29:12
81.41,84.61,77.23,84.2,1015,66,1015,1011,24-Jul-2025 23:45:51
81.21,84.31,77,84.16,1015,66,1015,1011,24-Jul-2025 23:43:40
80.13,82.8,76.23,82.35,1015,67,1015,1011,25-Jul-2025 00:11:28
79.29,79.29,75.47,81.45,1016,69,1016,1012,25-Jul-2025 00:43:56
77.76,78.53,73.94,80.35,1015,70,1015,1012,25-Jul-2025 01:14:12
76.5,77.23,73.15,78.46,1016,72,1016,1012,25-Jul-2025 01:57:49
75.6,76.28,72.23,77.45,1015,73,1015,1011,25-Jul-2025 02:42:01
74.71,75.36,72,76.44,1015,74,1015,1011,25-Jul-2025 03:23:25
74.35,75.02,71.89,76.19,1015,75,1015,1011,25-Jul-2025 03:44:08
73.96,74.62,71.22,75.42,1015,76,1015,1011,25-Jul-2025 04:16:15
73.56,74.19,71.01,75.2,1015,76,1015,1011,25-Jul-2025 04:33:50
73.38,74.05,70.88,75,1015,77,1015,1011,25-Jul-2025 04:50:07
73.22,73.9,70.7,74.41,1015,78,1015,1011,25-Jul-2025 05:01:42
72.95,73.62,70.57,74.41,1014,78,1014,1011,25-Jul-2025 05:18:22
72.9,73.54,70.57,74.44,1014,78,1014,1010,25-Jul-2025 05:33:51
72.5,73.26,70.47,74.19,1014,81,1014,1010,25-Jul-2025 05:54:11
72.5,73.31,70.43,73.99,1014,82,1014,1010,25-Jul-2025 06:05:05
72.48,73.29,70.43,73.99,1014,82,1014,1010,25-Jul-2025 06:14:11
72.39,73.24,70.21,73.99,1014,83,1014,1010,25-Jul-2025 06:30:31
72.21,73.04,70,73.65,1014,83,1014,1010,25-Jul-2025 06:42:26
72.12,72.93,69.89,73.42,1014,83,1014,1010,25-Jul-2025 06:59:48
72.01,72.82,69.71,73.45,1013,83,1013,1010,25-Jul-2025 07:15:39
71.98,72.77,69.89,73.45,1013,83,1013,1010,25-Jul-2025 07:20:00
71.94,72.73,69.71,73.45,1013,83,1013,1009,25-Jul-2025 07:36:36
71.85,72.68,69.67,73.22,1013,84,1013,1009,25-Jul-2025 07:50:20
71.8,72.63,69.57,73.22,1013,84,1013,1009,25-Jul-2025 08:04:24
71.83,72.66,69.57,73.45,1013,84,1013,1009,25-Jul-2025 08:13:52
71.62,72.43,69.51,73.2,1013,84,1013,1009,25-Jul-2025 08:30:01
71.73,72.59,69.51,73.2,1013,85,1013,1009,25-Jul-2025 08:48:51
71.73,72.59,69.51,73.2,1013,85,1013,1009,25-Jul-2025 08:54:51
71.74,72.57,69.44,73.22,1013,84,1013,1009,25-Jul-2025 09:02:44
71.8,72.63,69.44,73.45,1013,84,1013,1009,25-Jul-2025 09:22:30
71.82,72.64,69.51,73.45,1013,84,1013,1009,25-Jul-2025 09:43:56
71.85,72.68,69.51,73.58,1013,84,1013,1009,25-Jul-2025 09:54:54
71.85,72.68,69.51,73.45,1013,84,1013,1009,25-Jul-2025 09:56:44
72.1,72.97,69.89,73.45,1013,84,1013,1009,25-Jul-2025 10:10:54
72.46,73.36,70.23,74.07,1013,84,1013,1009,25-Jul-2025 10:29:29
72.73,73.62,70.32,74.21,1013,83,1013,1009,25-Jul-2025 10:39:19
73.02,73.92,70.5,74.57,1013,83,1013,1009,25-Jul-2025 10:55:13
73.02,73.92,70.5,74.57,1013,83,1013,1009,25-Jul-2025 10:55:13
73.36,74.3,71.44,75.07,1013,83,1013,1009,25-Jul-2025 11:12:49
73.99,75,72.23,75.58,1013,83,1013,1009,25-Jul-2025 11:24:54
74.64,75.67,73.35,76.57,1013,82,1013,1009,25-Jul-2025 11:36:36
75.02,76.08,73.35,77.07,1013,82,1013,1009,25-Jul-2025 11:46:00
74.71,75.74,73.35,76.57,1013,82,1013,1009,25-Jul-2025 11:44:04
75.27,76.35,73.35,77.2,1013,82,1013,1009,25-Jul-2025 11:55:15
76.08,77.25,74.43,78.08,1012,82,1012,1009,25-Jul-2025 12:15:43
78.8,78.8,76.35,80.94,1012,79,1012,1008,25-Jul-2025 12:32:41
80.29,84.27,78.15,82.2,1012,76,1012,1008,25-Jul-2025 12:57:12
81.64,86.4,78.85,84.51,1012,73,1012,1008,25-Jul-2025 13:21:33
84.11,90.07,81.3,86.34,1012,68,1012,1008,25-Jul-2025 13:35:52
84.85,91.99,82.67,87.44,1012,69,1012,1008,25-Jul-2025 13:51:01
85.82,93.79,83.41,88.43,1012,68,1012,1008,25-Jul-2025 14:02:17
86.52,94.57,83.88,89.1,1012,66,1012,1008,25-Jul-2025 14:17:24
86.94,95.07,84.24,90.12,1012,65,1012,1008,25-Jul-2025 14:27:15
88.86,98.08,85.95,91.35,1012,62,1012,1007,25-Jul-2025 14:38:10
89.56,99.75,86.31,92.26,1011,62,1011,1007,25-Jul-2025 14:55:34
89.51,99.63,86.31,92.26,1011,62,1011,1007,25-Jul-2025 14:55:02
89.98,100.2,87.31,92.5,1011,61,1011,1007,25-Jul-2025 15:16:26
90.55,101.01,87.3,93.51,1011,60,1011,1007,25-Jul-2025 15:30:30
91.4,102.49,89.01,94.08,1011,59,1011,1007,25-Jul-2025 15:42:53
91.71,103.26,89.38,94.69,1011,59,1011,1007,25-Jul-2025 15:49:56
92.59,104.85,90.28,95.07,1011,58,1011,1007,25-Jul-2025 16:05:48
92.57,104.79,90.28,95.07,1011,58,1011,1007,25-Jul-2025 16:04:16
93.4,105.51,90.28,96.1,1011,56,1011,1007,25-Jul-2025 16:26:09
93.42,104.86,91,95.43,1010,55,1010,1006,25-Jul-2025 16:41:30
93.58,105.26,90.66,96.44,1010,55,1010,1006,25-Jul-2025 16:48:01
93.38,104.09,90.72,95.95,1010,54,1010,1006,25-Jul-2025 17:05:28
93.42,104.86,91.15,96.08,1010,55,1010,1006,25-Jul-2025 17:18:12
93.88,105.33,91.29,96.33,1010,54,1010,1005,25-Jul-2025 17:34:46
93.96,105.51,91.29,96.51,1010,54,1010,1005,25-Jul-2025 17:45:00
93.96,105.51,91.29,96.51,1010,54,1010,1005,25-Jul-2025 17:45:00
94.32,105.69,91.35,97.09,1010,53,1010,1005,25-Jul-2025 17:55:07
94.6,105.67,91.58,97.32,1010,52,1010,1005,25-Jul-2025 18:16:45
94.39,105.87,91.51,96.51,1010,53,1010,1005,25-Jul-2025 18:27:51
92.77,103.93,88.84,95.09,1009,56,1009,1005,25-Jul-2025 18:48:21
92.12,102.36,88.88,94.41,1009,56,1009,1005,25-Jul-2025 18:53:37
88.9,98.15,86.14,92.28,1009,62,1009,1005,25-Jul-2025 19:08:00
86.86,95.34,84.65,91.65,1009,66,1009,1005,25-Jul-2025 19:19:40
87.08,95.4,84.31,91.65,1009,65,1009,1005,25-Jul-2025 19:25:28
87.75,96.46,84.99,91.65,1009,64,1009,1004,25-Jul-2025 19:35:29
87.87,96.76,84.99,91.65,1009,64,1009,1004,25-Jul-2025 19:37:36
88.93,98.78,85.95,91.65,1009,63,1009,1004,25-Jul-2025 19:46:44
89.06,99.09,85.95,91.65,1009,63,1009,1004,25-Jul-2025 19:52:04
90.09,101.05,87.3,92.37,1009,62,1009,1004,25-Jul-2025 20:04:07
90.36,101.12,87.31,92.77,1009,61,1009,1004,25-Jul-2025 20:29:55
89.22,100.04,86.99,92.32,1009,64,1009,1004,25-Jul-2025 20:35:55
89.56,100.33,86.99,92.44,1009,63,1009,1004,25-Jul-2025 20:51:51
89.64,100.51,86.99,92.77,1009,63,1009,1004,25-Jul-2025 21:01:19
89.38,99.88,86.99,92.77,1009,63,1009,1004,25-Jul-2025 21:14:31
89.58,99.81,86.41,92.32,1009,62,1009,1004,25-Jul-2025 21:22:16
89.49,99.57,86,91.78,1009,62,1009,1005,25-Jul-2025 21:37:59
89.22,99.48,85.64,91.65,1009,63,1009,1005,25-Jul-2025 21:43:05
87.51,96.4,83.98,90.77,1009,65,1009,1005,25-Jul-2025 21:51:12
87.04,95.31,83.3,89.33,1010,65,1010,1005,25-Jul-2025 22:03:19
87.03,95.27,83.21,89.1,1010,65,1010,1005,25-Jul-2025 22:10:09
86.16,92.93,82.31,88.12,1010,64,1010,1005,25-Jul-2025 22:18:05
84.18,89.58,81.09,86.38,1010,66,1010,1006,25-Jul-2025 22:34:29
84.07,89.37,81.09,86.56,1010,66,1010,1006,25-Jul-2025 22:41:56
83.48,88.23,80.06,85.51,1011,66,1011,1006,25-Jul-2025 23:05:00
83.5,88.27,80.06,85.51,1011,66,1011,1006,25-Jul-2025 23:12:57
83.52,88.3,80.35,85.41,1011,66,1011,1006,25-Jul-2025 23:25:23
83.52,88.3,80.35,85.41,1011,66,1011,1006,25-Jul-2025 23:25:23
83.3,87.89,80.35,85.41,1011,66,1011,1007,25-Jul-2025 23:38:04
82.9,87.42,79.38,84.45,1011,67,1011,1007,25-Jul-2025 23:47:22
82.45,86.38,79.34,84.33,1012,66,1012,1007,26-Jul-2025 00:13:55
81.72,85.51,78.1,83.41,1012,68,1012,1008,26-Jul-2025 00:40:08
81.12,84.67,76.95,82.99,1013,69,1013,1008,26-Jul-2025 01:14:05
80.26,83.5,77.52,81.41,1013,71,1013,1009,26-Jul-2025 01:59:12
78.94,78.94,75.38,80.46,1014,71,1014,1010,26-Jul-2025 02:48:32
78.4,79.23,75.34,80.1,1014,70,1014,1010,26-Jul-2025 03:21:48
77.5,78.33,74.14,78.91,1014,72,1014,1010,26-Jul-2025 03:47:47
76.87,77.59,73.15,78.42,1014,71,1014,1010,26-Jul-2025 04:09:18
76.59,77.32,73.15,78.17,1014,72,1014,1010,26-Jul-2025 04:22:48
76.01,76.69,72.37,77.65,1015,72,1015,1011,26-Jul-2025 04:35:00
75.7,76.35,72.14,77.36,1015,72,1015,1011,26-Jul-2025 04:53:13
74.91,75.49,71.38,76.64,1015,72,1015,1011,26-Jul-2025 05:11:51
74.61,75.2,71.01,76.32,1015,73,1015,1011,26-Jul-2025 05:22:59
74.32,74.88,70.57,76.08,1015,73,1015,1011,26-Jul-2025 05:31:04
73.72,74.23,70.05,75.36,1015,73,1015,1011,26-Jul-2025 05:49:09
73.67,74.21,70,75.65,1015,74,1015,1011,26-Jul-2025 05:59:10
73.36,73.89,69.53,75.15,1016,74,1016,1011,26-Jul-2025 06:10:30
72.68,73.17,69.01,74.64,1016,75,1016,1011,26-Jul-2025 06:22:51
71.98,72.45,68.2,73.99,1016,76,1016,1012,26-Jul-2025 06:46:04
71.58,72.01,68.2,73.65,1016,76,1016,1012,26-Jul-2025 06:59:51
71.58,72.01,68.2,73.65,1016,76,1016,1012,26-Jul-2025 07:00:12
70.9,71.26,67.14,73.09,1016,76,1016,1012,26-Jul-2025 07:17:59
70.63,70.97,66.99,72.46,1016,76,1016,1012,26-Jul-2025 07:28:43
70.39,70.7,66.7,72.46,1017,76,1017,1012,26-Jul-2025 07:35:06
70.27,70.61,66.58,72.46,1017,77,1017,1012,26-Jul-2025 07:44:38
69.84,70.14,66.15,71.98,1017,77,1017,1012,26-Jul-2025 07:56:29
69.51,69.73,65.7,71.65,1017,76,1017,1012,26-Jul-2025 08:14:27
69.03,69.24,65.52,70.99,1017,77,1017,1012,26-Jul-2025 08:21:10
68.5,68.63,64.71,70.65,1017,76,1017,1013,26-Jul-2025 08:40:51
68.11,68.14,64.2,70.14,1017,75,1017,1013,26-Jul-2025 08:57:12
68.11,68.14,64.38,70.14,1017,75,1017,1013,26-Jul-2025 09:00:17
68,68.02,64.2,70.14,1017,75,1017,1013,26-Jul-2025 09:05:30
67.17,67.12,63.37,69.48,1018,75,1018,1014,26-Jul-2025 09:30:01
66.88,66.85,62.98,69.15,1018,76,1018,1014,26-Jul-2025 09:37:27
66.6,66.67,62.98,68.99,1018,79,1018,1014,26-Jul-2025 09:47:32
66.6,66.67,62.98,68.99,1018,79,1018,1014,26-Jul-2025 09:49:01
66.49,66.54,63.01,68.47,1018,79,1018,1014,26-Jul-2025 09:59:21
66.38,66.38,62.38,68.47,1018,78,1018,1014,26-Jul-2025 10:15:00
66.24,66.22,62.2,68.47,1018,78,1018,1014,26-Jul-2025 10:25:38
66.36,66.36,63.25,68.47,1019,78,1019,1014,26-Jul-2025 10:43:04
66.94,66.96,63.25,69.1,1019,77,1019,1014,26-Jul-2025 10:54:07
67.42,67.48,64.26,69.48,1019,77,1019,1014,26-Jul-2025 11:00:56
67.32,67.37,63.32,69.48,1019,77,1019,1014,26-Jul-2025 11:09:30
68.34,68.36,64.26,70.09,1019,74,1019,1014,26-Jul-2025 11:18:38
68.29,68.29,64.17,70.11,1019,74,1019,1014,26-Jul-2025 11:25:20
69.53,69.42,66,71.46,1019,69,1019,1015,26-Jul-2025 11:35:59
70.16,70.03,66.16,72.1,1019,67,1019,1015,26-Jul-2025 11:49:01
71.29,71.19,68,73.15,1019,65,1019,1015,26-Jul-2025 12:02:28
71.37,71.2,68,73.15,1019,64,1019,1015,26-Jul-2025 12:10:09
73.02,72.75,69.94,74.44,1020,58,1020,1015,26-Jul-2025 12:35:55
73.72,73.47,71.01,75.16,1020,57,1020,1015,26-Jul-2025 12:58:01
74.32,73.99,71.73,76.19,1020,54,1020,1015,26-Jul-2025 13:14:25
74.61,74.26,72,76.1,1020,53,1020,1015,26-Jul-2025 13:20:00
75.34,74.98,73.09,77.2,1020,51,1020,1016,26-Jul-2025 13:42:51
75.52,75.13,72.95,78.53,1020,50,1020,1016,26-Jul-2025 13:56:24
75.61,75.18,73,78.53,1020,49,1020,1016,26-Jul-2025 13:58:21
76.82,76.41,73.94,79.2,1020,47,1020,1016,26-Jul-2025 14:08:56
77.14,76.68,73.94,79.52,1020,45,1020,1016,26-Jul-2025 14:20:50
77.95,77.52,74.35,80.2,1020,44,1020,1015,26-Jul-2025 14:35:49
78.28,77.83,75.15,80.53,1020,43,1020,1015,26-Jul-2025 14:49:56
78.31,77.86,75.15,81,1020,43,1020,1015,26-Jul-2025 14:53:09
78.84,78.84,75.36,81.14,1020,42,1020,1015,26-Jul-2025 15:00:15
79.07,79.07,75.99,81.25,1020,42,1020,1015,26-Jul-2025 15:11:00
78.94,78.94,75.94,81.5,1020,42,1020,1015,26-Jul-2025 15:25:08
79.77,79.77,76.28,82.53,1019,41,1019,1015,26-Jul-2025 15:37:50
79.77,79.77,76.28,82.53,1019,41,1019,1015,26-Jul-2025 15:37:33
79.77,79.77,76.28,82.78,1019,41,1019,1015,26-Jul-2025 15:53:27
79.74,79.74,76.95,82.51,1020,40,1020,1015,26-Jul-2025 16:04:42
80.15,80.02,76.95,82.99,1020,40,1020,1015,26-Jul-2025 16:16:52
80.17,80.04,76.95,83.5,1019,40,1019,1015,26-Jul-2025 16:35:11
80.17,80.04,76.95,83.5,1019,40,1019,1015,26-Jul-2025 16:40:32
80.2,80.15,76.95,83.52,1019,41,1019,1015,26-Jul-2025 16:54:30
80.15,80.11,76.95,83.52,1019,41,1019,1015,26-Jul-2025 16:56:18
80.74,80.46,77.14,83.5,1019,40,1019,1015,26-Jul-2025 17:06:29
80.1,80.08,77.14,83.52,1019,41,1019,1014,26-Jul-2025 17:30:01
80.2,80.15,77.14,83.5,1019,41,1019,1015,26-Jul-2025 17:28:09
80.29,80.22,77.45,83.77,1019,41,1019,1014,26-Jul-2025 17:45:00
80.46,80.26,78.01,83.77,1019,40,1019,1014,26-Jul-2025 17:50:24
80.47,80.26,77.95,83.77,1019,40,1019,1014,26-Jul-2025 18:00:50
80.31,80.15,77.95,83.77,1019,40,1019,1014,26-Jul-2025 18:16:01
80.02,79.95,77.09,83.77,1019,40,1019,1014,26-Jul-2025 18:29:33
79.47,79.47,76.95,83.5,1019,41,1019,1014,26-Jul-2025 18:47:29
79.47,79.47,76.95,83.5,1019,41,1019,1014,26-Jul-2025 18:47:29
79.79,79.79,77.09,83.32,1019,41,1019,1014,26-Jul-2025 19:01:19
79.77,79.77,76.95,83.32,1019,41,1019,1014,26-Jul-2025 19:05:53
79.68,79.68,76.95,82.78,1019,41,1019,1014,26-Jul-2025 19:22:45
79.54,79.54,76.44,82.78,1019,41,1019,1014,26-Jul-2025 19:26:06
79.32,79.32,76.08,82.33,1018,40,1018,1014,26-Jul-2025 19:42:43
79.32,79.32,76.08,82.33,1018,41,1018,1014,26-Jul-2025 19:44:44
79.38,79.38,76.08,82.26,1018,40,1018,1014,26-Jul-2025 19:55:00
79.61,79.61,76.08,82.26,1019,39,1019,1014,26-Jul-2025 20:14:19
79.54,79.54,75.45,82.15,1018,39,1018,1014,26-Jul-2025 20:30:00
79.02,79.02,75.45,81.77,1018,39,1018,1014,26-Jul-2025 20:40:05
79.02,79.02,75.45,81.77,1018,39,1018,1014,26-Jul-2025 20:40:05
78.78,78.78,75.24,81.32,1018,39,1018,1014,26-Jul-2025 20:55:08
78.76,78.76,75.24,81.14,1018,39,1018,1014,26-Jul-2025 20:58:23
78.46,77.83,75.15,80.71,1018,39,1018,1014,26-Jul-2025 21:07:53
78.42,77.79,75.24,80.78,1018,39,1018,1014,26-Jul-2025 21:24:28
78.42,77.79,75.45,80.78,1018,39,1018,1014,26-Jul-2025 21:35:14
78.37,77.74,74.23,80.78,1018,39,1018,1014,26-Jul-2025 21:39:05
78.15,77.5,74.14,80.33,1018,39,1018,1014,26-Jul-2025 21:47:22
77.61,77,74.14,79.77,1018,41,1018,1014,26-Jul-2025 22:04:59
77.52,76.91,73.65,79.77,1018,41,1018,1014,26-Jul-2025 22:08:38
77.09,76.51,73.31,79.32,1018,43,1018,1014,26-Jul-2025 22:27:50
76.37,75.83,72.66,78.53,1018,45,1018,1014,26-Jul-2025 22:37:31
76.12,75.6,72.66,78.12,1018,46,1018,1014,26-Jul-2025 22:50:43
75.92,75.38,72.66,78.01,1018,46,1018,1014,26-Jul-2025 22:55:39
75.92,75.38,72.66,78.01,1018,46,1018,1014,26-Jul-2025 22:59:49
75.09,74.52,71.55,77.16,1018,47,1018,1014,26-Jul-2025 23:10:09
74.68,74.16,71.01,77.11,1018,49,1018,1014,26-Jul-2025 23:17:03
73.92,73.42,70,76.28,1018,51,1018,1014,26-Jul-2025 23:33:20
73.63,73.09,69.89,75.97,1018,51,1018,1014,26-Jul-2025 23:44:46
73.63,73.09,69.89,75.97,1018,51,1018,1014,26-Jul-2025 23:44:55
73.04,72.48,68.88,75.16,1018,52,1018,1014,27-Jul-2025 00:04:52
71.31,70.77,67.15,73.42,1019,56,1019,1015,27-Jul-2025 00:46:24
71.44,70.92,66.45,73.42,1019,56,1019,1015,27-Jul-2025 01:20:07
70.57,70.2,66.25,72.77,1019,61,1019,1015,27-Jul-2025 02:05:09
69.44,69.19,65.5,71.35,1019,66,1019,1015,27-Jul-2025 02:47:51
68.61,68.38,64.51,70.34,1019,68,1019,1015,27-Jul-2025 03:36:19
68.4,68.13,64.71,70.12,1019,68,1019,1015,27-Jul-2025 04:06:03
67.98,67.73,64.15,69.85,1019,69,1019,1015,27-Jul-2025 04:26:19
67.98,67.73,64.15,69.85,1019,69,1019,1015,27-Jul-2025 04:37:49
67.82,67.55,64.15,69.35,1019,69,1019,1015,27-Jul-2025 04:57:05
67.62,67.33,63.88,69.35,1018,69,1018,1015,27-Jul-2025 05:07:33
67.15,66.87,63.43,68.85,1019,70,1019,1014,27-Jul-2025 05:32:38
67.08,66.78,63.25,68.85,1019,70,1019,1014,27-Jul-2025 05:47:04
67.1,66.79,63.14,68.34,1018,70,1018,1014,27-Jul-2025 06:00:04
67.03,66.78,62.89,68.34,1018,71,1018,1014,27-Jul-2025 06:14:05
66.67,66.42,62.44,68.41,1018,72,1018,1014,27-Jul-2025 06:34:33
66.36,66.13,62.26,68.07,1018,73,1018,1014,27-Jul-2025 06:47:10
66.34,66.11,62.26,68.07,1018,73,1018,1014,27-Jul-2025 06:57:12
66.34,66.11,62.26,68.07,1018,73,1018,1014,27-Jul-2025 06:59:42
66.2,65.95,62.26,68,1018,73,1018,1014,27-Jul-2025 07:15:01
65.98,65.77,61.88,67.84,1018,74,1018,1014,27-Jul-2025 07:25:32
65.75,65.55,61.88,67.41,1018,75,1018,1013,27-Jul-2025 07:37:09
65.64,65.43,61.57,67.41,1018,75,1018,1013,27-Jul-2025 07:48:11
65.44,65.26,61.57,67.33,1018,76,1018,1013,27-Jul-2025 08:04:04
65.43,65.25,61.34,67.33,1018,76,1018,1013,27-Jul-2025 08:16:03
65.41,65.23,61.57,67.08,1018,76,1018,1013,27-Jul-2025 08:25:32
65.28,65.14,61.43,66.99,1018,77,1018,1014,27-Jul-2025 08:47:52
65.3,65.16,61.43,66.99,1018,77,1018,1014,27-Jul-2025 08:53:10
65.19,65.03,61.57,66.42,1018,77,1018,1014,27-Jul-2025 09:00:00
65.23,65.07,61.57,66.42,1017,77,1017,1014,27-Jul-2025 09:11:15
65.3,65.16,61.43,66.42,1017,77,1017,1014,27-Jul-2025 09:20:06
65.32,65.17,61.43,66.42,1017,77,1017,1014,27-Jul-2025 09:29:11
65.43,65.28,61.43,67.08,1018,77,1018,1014,27-Jul-2025 09:50:01
65.48,65.35,61.88,67.08,1018,77,1018,1014,27-Jul-2025 09:54:05
65.48,65.35,61.88,67.08,1018,77,1018,1014,27-Jul-2025 09:54:05
65.52,65.39,61.43,67.08,1017,77,1017,1014,27-Jul-2025 10:07:59
65.89,65.95,61.7,67.41,1017,80,1017,1014,27-Jul-2025 10:22:14
66.63,66.61,62.44,68.16,1018,77,1018,1014,27-Jul-2025 10:39:19
66.94,66.9,62.98,68.41,1018,76,1018,1014,27-Jul-2025 10:55:14
66.96,66.92,63.14,68.41,1018,76,1018,1014,27-Jul-2025 10:55:48
67.14,67.12,64.15,68.41,1017,76,1017,1014,27-Jul-2025 11:06:07
67.82,67.87,64.69,69.35,1017,76,1017,1014,27-Jul-2025 11:22:59
68.02,68.09,65.32,69.42,1018,76,1018,1014,27-Jul-2025 11:31:29
67.98,68.05,65.32,69.42,1018,76,1018,1014,27-Jul-2025 11:38:29
68.05,68.13,65.57,69.42,1018,76,1018,1014,27-Jul-2025 11:42:12
68.79,68.94,66.69,70.38,1017,76,1017,1014,27-Jul-2025 12:06:29
69.03,69.21,67.01,70.38,1017,76,1017,1014,27-Jul-2025 12:19:12
69.37,69.53,67.21,71.1,1017,75,1017,1014,27-Jul-2025 12:29:45
69.98,70.2,68.11,71.51,1017,75,1017,1013,27-Jul-2025 12:48:15
70.83,71.04,68.58,72.37,1017,73,1017,1013,27-Jul-2025 13:17:24
70.83,71.04,68.58,72.37,1017,73,1017,1013,27-Jul-2025 13:21:36
71.06,71.29,69.03,72.45,1017,73,1017,1013,27-Jul-2025 13:38:05
71.35,71.65,69.24,72.3,1017,74,1017,1013,27-Jul-2025 13:52:29
71.31,71.62,69.35,72.3,1017,74,1017,1013,27-Jul-2025 13:57:43
72.12,72.41,69.58,73.38,1017,72,1017,1013,27-Jul-2025 14:17:17
72,72.37,69.53,73.38,1017,74,1017,1013,27-Jul-2025 14:26:53
70.52,71.08,68.58,71.98,1017,81,1017,1013,27-Jul-2025 14:38:42
69.98,70.57,67.42,71.98,1017,83,1017,1013,27-Jul-2025 14:48:12
70.39,70.93,67.62,71.98,1017,81,1017,1013,27-Jul-2025 14:45:59
69.37,69.94,67.42,71.71,1017,84,1017,1013,27-Jul-2025 14:58:45
69.08,69.73,67.33,71.24,1016,86,1016,1013,27-Jul-2025 15:08:05
68.83,69.4,66.58,70.5,1016,85,1016,1013,27-Jul-2025 15:17:24
68.34,68.83,66.58,70.32,1016,84,1016,1012,27-Jul-2025 15:30:49
68.4,68.88,66.58,70.32,1016,84,1016,1012,27-Jul-2025 15:47:05
68.38,68.86,66.58,70.32,1016,84,1016,1012,27-Jul-2025 15:50:59
68.38,68.92,66.67,70.32,1016,85,1016,1012,27-Jul-2025 16:00:02
68.92,69.51,67.06,70.32,1016,85,1016,1012,27-Jul-2025 16:17:39
69.03,69.58,67.06,70.32,1016,84,1016,1012,27-Jul-2025 16:21:36
68.94,69.48,67.06,70.32,1016,84,1016,1011,27-Jul-2025 16:35:35
68.83,69.35,67.06,70.14,1016,84,1016,1011,27-Jul-2025 16:44:11
68.5,69.01,66.56,70.3,1016,84,1016,1011,27-Jul-2025 16:59:05
68.5,69.01,66.56,70,1015,84,1015,1011,27-Jul-2025 17:15:06
68.45,68.94,66.56,70,1015,84,1015,1011,27-Jul-2025 17:16:17
67.77,68.14,66.07,69.69,1015,83,1015,1011,27-Jul-2025 17:40:06
67.73,68.14,66.07,69.69,1015,84,1015,1011,27-Jul-2025 17:46:57
67.66,68.07,66.07,69.69,1015,84,1015,1011,27-Jul-2025 17:50:31
68.22,68.68,66.02,70.68,1015,84,1015,1011,27-Jul-2025 18:06:14
69.12,69.73,66.56,71.53,1015,85,1015,1011,27-Jul-2025 18:18:12
69.33,69.96,67.01,71.65,1015,85,1015,1011,27-Jul-2025 18:23:55
71.33,72.07,68.02,73.58,1014,83,1014,1010,27-Jul-2025 18:49:07
71.51,72.27,68.23,73.58,1014,83,1014,1010,27-Jul-2025 18:58:45
71.44,72.18,68.23,73.58,1014,83,1014,1010,27-Jul-2025 18:56:53
72.25,72.99,68.45,74.14,1014,81,1014,1010,27-Jul-2025 19:18:17
72.66,73.38,69.26,74.52,1014,80,1014,1010,27-Jul-2025 19:29:19
72.64,73.36,69.26,74.52,1014,80,1014,1010,27-Jul-2025 19:28:55
73.08,73.74,69.26,75.33,1014,78,1014,1009,27-Jul-2025 19:39:18
73.17,73.85,69.26,75.33,1014,78,1014,1009,27-Jul-2025 19:45:05
73.67,74.41,70.25,75.88,1013,78,1013,1009,27-Jul-2025 20:01:24
73.6,74.32,70.25,75.38,1013,78,1013,1009,27-Jul-2025 20:07:42
74.07,74.84,71.26,75.99,1013,78,1013,1009,27-Jul-2025 20:23:29
74.34,75.13,71.26,76.08,1013,78,1013,1008,27-Jul-2025 20:39:43
74.23,75.02,71.08,75.99,1013,78,1013,1008,27-Jul-2025 20:50:10
74.25,75.09,71.08,75.99,1013,79,1013,1008,27-Jul-2025 20:59:58
74.64,75.52,71.85,76.51,1013,79,1013,1008,27-Jul-2025 21:12:51
74.84,75.65,71.85,76.32,1012,77,1012,1008,27-Jul-2025 21:21:51
75.31,76.21,72.23,77.16,1012,78,1012,1008,27-Jul-2025 21:37:39
75.31,76.21,72.14,77.16,1012,78,1012,1008,27-Jul-2025 21:36:00
75.42,76.28,73.08,77.09,1012,77,1012,1008,27-Jul-2025 21:44:00
75.27,76.21,73.08,76.44,1012,79,1012,1008,27-Jul-2025 22:03:01
75.36,76.35,73.08,76.44,1012,80,1012,1008,27-Jul-2025 22:10:32
75.34,76.33,73.08,76.44,1012,80,1012,1008,27-Jul-2025 22:20:30
75.18,76.21,72.66,76.44,1012,81,1012,1008,27-Jul-2025 22:36:44
75.2,76.28,72.66,76.44,1012,82,1012,1008,27-Jul-2025 22:55:08
75.2,76.28,72.66,76.44,1012,82,1012,1008,27-Jul-2025 22:57:09
75.25,76.33,73.08,76.44,1012,82,1012,1008,27-Jul-2025 23:12:54
75.15,76.21,72.66,76.44,1012,82,1012,1008,27-Jul-2025 23:20:32
75.06,76.15,72.66,76.44,1012,83,1012,1008,27-Jul-2025 23:37:11
75.02,76.12,72.66,76.44,1012,83,1012,1008,27-Jul-2025 23:41:15
74.97,76.06,72.66,76.57,1012,83,1012,1008,27-Jul-2025 23:55:04
74.66,75.78,72.66,75.85,1012,84,1012,1008,28-Jul-2025 00:08:03
74.34,75.42,72.16,75.42,1013,84,1013,1009,28-Jul-2025 00:35:03
74.21,75.33,71.89,75.45,1013,85,1013,1009,28-Jul-2025 01:17:33
73.45,74.5,71.24,74.84,1013,85,1013,1009,28-Jul-2025 02:05:32
73.04,74.05,70.7,74.44,1013,85,1013,1009,28-Jul-2025 02:50:08
72.54,73.53,70,73.85,1013,86,1013,1009,28-Jul-2025 03:27:21
72.25,73.22,69.71,73.45,1013,86,1013,1009,28-Jul-2025 03:56:44
71.74,72.66,69.01,73.45,1012,86,1012,1009,28-Jul-2025 04:24:09
71.42,72.3,68.7,73,1013,86,1013,1009,28-Jul-2025 04:47:18
71.37,72.28,68.56,73,1013,87,1013,1009,28-Jul-2025 04:57:59
71.1,71.94,68.14,72.45,1012,86,1012,1009,28-Jul-2025 05:28:33
70.72,71.53,68,72.45,1013,86,1013,1009,28-Jul-2025 05:47:07
70.72,71.58,68,72.45,1013,87,1013,1009,28-Jul-2025 05:50:51
70.57,71.37,68.16,72.45,1012,86,1012,1009,28-Jul-2025 06:05:12
70.52,71.37,67.69,72.07,1012,87,1012,1009,28-Jul-2025 06:20:12
70.03,70.77,67.3,71.85,1013,86,1013,1009,28-Jul-2025 06:43:17
69.89,70.66,66.99,71.85,1013,87,1013,1009,28-Jul-2025 06:52:33
69.84,70.61,66.99,71.58,1012,87,1012,1009,28-Jul-2025 07:13:23
69.93,70.7,67.19,71.58,1012,87,1012,1009,28-Jul-2025 07:29:05
69.75,70.5,66.58,71.55,1013,87,1013,1009,28-Jul-2025 07:34:57
69.48,70.16,66.31,71.46,1013,86,1013,1009,28-Jul-2025 07:46:04
69.26,69.93,66.31,71.22,1013,86,1013,1009,28-Jul-2025 08:00:00
69.01,69.69,66,71.22,1013,87,1013,1009,28-Jul-2025 08:07:51
68.83,69.46,66.2,70.57,1013,86,1013,1009,28-Jul-2025 08:35:17
68.86,69.55,65.7,70.84,1013,87,1013,1009,28-Jul-2025 08:49:29
68.72,69.39,65.7,70.57,1013,87,1013,1009,28-Jul-2025 09:00:00
68.67,69.31,65.3,70.45,1013,87,1013,1009,28-Jul-2025 09:07:01
68.32,68.95,65.19,70.45,1013,87,1013,1009,28-Jul-2025 09:28:40
68.09,68.65,64.94,70.21,1014,86,1014,1010,28-Jul-2025 09:43:01
68.27,68.88,65.19,70.21,1014,87,1014,1010,28-Jul-2025 09:53:29
68.27,68.88,65.19,70.21,1014,87,1014,1010,28-Jul-2025 10:00:00
68.52,69.17,65.37,70.45,1014,87,1014,1010,28-Jul-2025 10:13:16
68.45,69.13,65.7,70.41,1014,88,1014,1011,28-Jul-2025 10:30:24
68.76,69.42,65.7,70.66,1014,87,1014,1011,28-Jul-2025 10:39:01
68.97,69.66,66.15,70.57,1014,87,1014,1011,28-Jul-2025 10:57:18
69.4,70.09,66.7,71.08,1014,86,1014,1011,28-Jul-2025 11:05:04
69.33,70.05,66.7,71.13,1014,87,1014,1011,28-Jul-2025 11:09:19
69.84,70.56,67.08,71.58,1014,86,1014,1011,28-Jul-2025 11:25:22
69.84,70.7,67.28,71.58,1015,89,1015,1011,28-Jul-2025 11:30:24
69.89,70.72,67.28,71.58,1015,88,1015,1011,28-Jul-2025 11:37:28
70.12,70.93,67.95,72.37,1015,87,1015,1011,28-Jul-2025 11:53:55
70.34,71.17,68.09,72.32,1015,87,1015,1011,28-Jul-2025 12:01:31
70.83,71.74,68.29,73.27,1015,88,1015,1011,28-Jul-2025 12:19:12
71.46,72.57,69.01,74.05,1015,91,1015,1012,28-Jul-2025 12:31:20
72.86,74.08,69.3,76.21,1015,90,1015,1012,28-Jul-2025 12:58:23
74.39,75.58,70.14,78.22,1015,86,1015,1012,28-Jul-2025 13:26:47
77.25,78.48,71.71,80.71,1015,81,1015,1012,28-Jul-2025 13:34:30
78.03,79.14,73.47,81.1,1015,77,1015,1012,28-Jul-2025 13:49:19
78.42,79.63,73.94,82.44,1015,78,1015,1012,28-Jul-2025 14:15:28
79.68,79.68,75.07,83.34,1015,75,1015,1012,28-Jul-2025 14:22:24
82.13,86.68,76.95,84.33,1015,70,1015,1011,28-Jul-2025 14:38:55
82.8,87.48,78.15,85.42,1015,68,1015,1011,28-Jul-2025 14:48:02
82.33,86.83,77.95,85.19,1015,69,1015,1011,28-Jul-2025 14:59:44
83.57,88.68,79.14,86.43,1015,67,1015,1011,28-Jul-2025 15:15:22
84.52,89.94,80.15,87.51,1015,65,1015,1011,28-Jul-2025 15:29:16
85.41,91,81.28,88.43,1015,63,1015,1011,28-Jul-2025 15:46:12
85.28,90.77,80.85,88.5,1015,63,1015,1011,28-Jul-2025 15:44:39
85.57,91.33,80.85,88.5,1015,63,1015,1011,28-Jul-2025 15:57:53
86.27,92.37,82,89.15,1015,62,1015,1011,28-Jul-2025 16:05:10
87.17,93.42,82.65,90.09,1015,60,1015,1011,28-Jul-2025 16:24:26
88.03,94.32,82.65,91.15,1015,58,1015,1010,28-Jul-2025 16:48:01
87.82,94.32,82.65,91.15,1015,59,1015,1010,28-Jul-2025 16:51:30
87.84,93.92,82.65,91.33,1014,58,1014,1010,28-Jul-2025 17:08:41
88.09,94.42,83.08,92.26,1014,58,1014,1010,28-Jul-2025 17:22:53
87.8,93.85,83.08,92.43,1014,58,1014,1010,28-Jul-2025 17:38:01
88.27,95.25,83.95,92.43,1014,59,1014,1010,28-Jul-2025 17:49:32
88.36,95.45,84.09,92.55,1014,59,1014,1010,28-Jul-2025 18:05:08
88.3,95.34,84.09,92.55,1014,59,1014,1010,28-Jul-2025 18:05:23
87.87,94.87,83.95,92.71,1014,60,1014,1010,28-Jul-2025 18:32:13
88.25,95.68,84.09,93.33,1014,60,1014,1010,28-Jul-2025 18:48:05
88.5,96.24,84.94,93.58,1014,60,1014,1010,28-Jul-2025 18:55:02
88.12,94.96,84.09,93.34,1014,59,1014,1010,28-Jul-2025 19:09:22
87.71,94.1,84.09,92.57,1014,59,1014,1010,28-Jul-2025 19:19:36
87.89,94.91,84.94,93.34,1014,60,1014,1009,28-Jul-2025 19:30:30
87.75,94.6,82.65,92.62,1014,60,1014,1009,28-Jul-2025 19:38:07
87.22,93.52,82.09,92.62,1013,60,1013,1009,28-Jul-2025 19:48:05
86.99,93.04,83.08,92.43,1014,60,1014,1009,28-Jul-2025 20:05:40
86.95,92.97,83.08,92.43,1014,60,1014,1009,28-Jul-2025 20:14:35
86.77,92.61,83.08,91.71,1014,60,1014,1009,28-Jul-2025 20:20:01
85.71,90.55,80.55,91.53,1013,60,1013,1009,28-Jul-2025 20:43:08
86.14,91.74,81.23,90.88,1013,61,1013,1009,28-Jul-2025 20:50:16
85.75,90.63,81.23,90.57,1014,60,1014,1009,28-Jul-2025 21:04:49
85.71,90.55,81.23,90.57,1014,60,1014,1009,28-Jul-2025 21:06:17
85.59,90.32,81.09,90.5,1014,60,1014,1009,28-Jul-2025 21:21:50
85.05,89.65,80.1,89.71,1013,61,1013,1009,28-Jul-2025 21:33:20
85.1,89.74,80.1,89.71,1013,61,1013,1009,28-Jul-2025 21:39:12
85.06,89.69,82.13,89.71,1013,61,1013,1009,28-Jul-2025 21:54:06
84.74,89.1,81.12,89.58,1013,61,1013,1009,28-Jul-2025 22:05:29
84.76,89.13,81.41,89.51,1013,61,1013,1009,28-Jul-2025 22:04:30
84.06,88.16,79.05,88.57,1013,62,1013,1009,28-Jul-2025 22:25:32
83.07,86.97,78.24,87.58,1013,64,1013,1009,28-Jul-2025 22:47:33
83.08,86.99,78.24,87.58,1013,64,1013,1009,28-Jul-2025 22:46:26
82.87,86.63,78.24,87.15,1013,64,1013,1009,28-Jul-2025 22:56:54
82.42,86.09,77.23,86.58,1014,65,1014,1009,28-Jul-2025 23:15:19
81.68,85.24,77.23,85.62,1014,67,1014,1009,28-Jul-2025 23:25:29
79.74,79.74,75.24,82.51,1014,70,1014,1009,28-Jul-2025 23:35:41
79.56,79.56,75.24,82.63,1014,70,1014,1009,28-Jul-2025 23:46:58
78.87,78.87,74.08,82.27,1014,71,1014,1009,29-Jul-2025 00:14:48
77.49,78.37,73.42,80.71,1014,73,1014,1010,29-Jul-2025 00:48:29
76.33,77.2,72.14,79.57,1014,75,1014,1010,29-Jul-2025 01:20:53
75.09,75.97,71.08,78.15,1015,78,1015,1010,29-Jul-2025 02:03:44
74.5,75.45,70.29,77.09,1015,81,1015,1011,29-Jul-2025 02:50:08
74.55,75.61,71.22,77.27,1015,83,1015,1011,29-Jul-2025 03:33:40
75.29,76.42,71.13,77.22,1015,83,1015,1011,29-Jul-2025 04:05:13
75.13,76.28,71.08,77.09,1015,84,1015,1011,29-Jul-2025 04:31:13
74.66,75.83,71.13,76.21,1015,85,1015,1011,29-Jul-2025 04:54:19
74.73,75.9,70.29,76.21,1015,85,1015,1011,29-Jul-2025 05:06:10
74.75,75.92,71.08,76.15,1015,85,1015,1011,29-Jul-2025 05:26:45
74.46,75.56,70.29,76.1,1014,84,1014,1010,29-Jul-2025 05:48:30
74.41,75.49,70.29,76.08,1014,84,1014,1010,29-Jul-2025 05:55:28
74.03,75.04,69.91,75.97,1014,83,1014,1010,29-Jul-2025 06:06:02
73.96,75,69.91,75.42,1014,84,1014,1010,29-Jul-2025 06:32:02
73.83,74.86,69.35,75.42,1014,84,1014,1010,29-Jul-2025 06:48:57
73.76,74.79,70.07,75.42,1014,84,1014,1010,29-Jul-2025 07:00:53
73.69,74.75,69.35,75.42,1014,85,1014,1010,29-Jul-2025 07:14:30
73.4,74.39,69.35,75.16,1014,84,1014,1010,29-Jul-2025 07:25:10
73.22,74.25,69.35,74.98,1014,85,1014,1010,29-Jul-2025 07:37:19
73.17,74.17,69.35,74.84,1014,85,1014,1010,29-Jul-2025 07:52:01
73.15,74.16,69.35,74.84,1014,85,1014,1010,29-Jul-2025 08:02:54
73.08,74.08,69.31,74.84,1014,85,1014,1010,29-Jul-2025 08:15:00
73,74.05,69.15,74.44,1014,86,1014,1010,29-Jul-2025 08:30:28
72.88,73.9,69.15,74.44,1014,86,1014,1010,29-Jul-2025 08:42:08
72.68,73.69,69.15,74.16,1014,86,1014,1010,29-Jul-2025 08:59:12
72.73,73.74,69.15,74.41,1014,86,1014,1010,29-Jul-2025 09:06:32
72.59,73.54,69.15,74.08,1014,85,1014,1010,29-Jul-2025 09:28:37
72.61,73.56,69.17,74.08,1014,85,1014,1010,29-Jul-2025 09:44:34
72.59,73.54,69.51,74.08,1014,85,1014,1010,29-Jul-2025 09:56:24
72.54,73.49,69.35,74.08,1014,85,1014,1010,29-Jul-2025 10:06:05
72.54,73.49,69.35,74.08,1014,85,1014,1010,29-Jul-2025 10:09:08
72.59,73.54,69.17,74.16,1014,85,1014,1010,29-Jul-2025 10:26:50
72.97,73.9,69.71,74.57,1014,84,1014,1011,29-Jul-2025 10:41:59
73.36,74.3,70.05,75,1014,83,1014,1011,29-Jul-2025 10:52:47
73.36,74.3,70.05,75,1014,83,1014,1011,29-Jul-2025 10:52:47
74.82,75.9,71.2,76.44,1014,83,1014,1011,29-Jul-2025 11:17:39
75.22,76.33,71.44,77.09,1014,83,1014,1011,29-Jul-2025 11:24:08
76.26,77.49,73.15,78.46,1015,83,1015,1011,29-Jul-2025 11:34:21
76.8,77.94,73.78,79.11,1015,80,1015,1011,29-Jul-2025 11:45:30
77.34,78.53,74.08,79.45,1015,80,1015,1011,29-Jul-2025 11:51:25
77.52,78.78,74.32,79.72,1015,81,1015,1011,29-Jul-2025 11:58:56
78.69,79.97,75.43,80.94,1014,79,1014,1011,29-Jul-2025 12:07:00
81.46,85.44,78.91,84,1015,70,1015,1011,29-Jul-2025 12:36:24
82.76,87.66,79.63,85.06,1015,69,1015,1011,29-Jul-2025 12:55:00
84.63,90.48,81.66,87.44,1015,66,1015,1011,29-Jul-2025 13:27:19
86.45,93.15,83.28,89.15,1015,63,1015,1011,29-Jul-2025 13:46:24
86.25,93.13,83.28,89.38,1015,64,1015,1011,29-Jul-2025 13:55:43
87.48,94.93,84.97,90.27,1014,62,1014,1011,29-Jul-2025 14:12:55
88.36,95.92,85.71,91.44,1015,60,1015,1011,29-Jul-2025 14:28:40
89.44,97.3,87.01,92.14,1014,58,1014,1010,29-Jul-2025 14:41:03
90.27,99.18,87.33,93.27,1014,58,1014,1010,29-Jul-2025 14:56:26
90.72,99.64,87.98,93.51,1014,57,1014,1010,29-Jul-2025 15:04:05
91.44,100.74,88.68,94.5,1014,56,1014,1010,29-Jul-2025 15:17:22
91.62,100.56,88.99,94.5,1014,55,1014,1010,29-Jul-2025 15:30:17
92.23,101.35,89.85,95.5,1014,54,1014,1010,29-Jul-2025 15:44:44
92.84,102.15,90.16,96.28,1014,53,1014,1010,29-Jul-2025 15:56:02
92.84,102.15,90.16,96.28,1014,53,1014,1010,29-Jul-2025 15:56:02
93.51,103.06,90.99,96.12,1014,52,1014,1010,29-Jul-2025 16:07:40
94.39,103.12,91.65,97.43,1013,49,1013,1009,29-Jul-2025 16:34:44
94.6,102.96,91.89,97.5,1013,48,1013,1009,29-Jul-2025 16:41:17
94.95,102.42,92.28,98.33,1013,46,1013,1009,29-Jul-2025 17:00:05
95.77,103.55,92.68,98.44,1013,45,1013,1009,29-Jul-2025 17:04:36
96.19,103.78,93.29,98.33,1013,44,1013,1009,29-Jul-2025 17:28:30
96.69,104.88,93.97,99.27,1013,44,1013,1008,29-Jul-2025 17:33:38
96.58,104.65,94.28,99.32,1013,44,1013,1008,29-Jul-2025 17:50:00
97.07,104.32,94.66,99.5,1013,42,1013,1008,29-Jul-2025 18:06:00
97.07,104.32,94.66,99.5,1013,42,1013,1008,29-Jul-2025 18:10:51
97.11,104.4,94.68,99.5,1012,42,1012,1007,29-Jul-2025 18:31:58
97.86,105.31,95.11,100.09,1012,41,1012,1007,29-Jul-2025 18:47:33
97.88,105.35,95.11,100.08,1012,41,1012,1007,29-Jul-2025 18:54:23
97.99,104.88,95.65,100.33,1012,40,1012,1007,29-Jul-2025 19:11:22
97.66,104.22,95.65,100.33,1012,40,1012,1007,29-Jul-2025 19:24:00
97.97,105.55,95.65,100.09,1012,41,1012,1007,29-Jul-2025 19:36:55
97.97,105.55,95.65,100.09,1012,41,1012,1007,29-Jul-2025 19:35:04
98.04,105.71,95.65,100.09,1012,41,1012,1007,29-Jul-2025 19:43:32
97.79,105.17,95.65,99.5,1012,41,1012,1007,29-Jul-2025 20:02:42
97.88,105.35,95.65,100.09,1012,41,1012,1007,29-Jul-2025 20:05:09
97.27,104.74,95.11,99.27,1012,42,1012,1007,29-Jul-2025 20:30:00
97.23,104.67,94.84,99.27,1012,42,1012,1007,29-Jul-2025 20:36:16
97.14,104.47,94.68,99.27,1012,42,1012,1007,29-Jul-2025 20:49:00
97.43,104.4,94.68,99.14,1012,41,1012,1007,29-Jul-2025 21:05:04
97.38,104.29,94.68,99.14,1012,41,1012,1007,29-Jul-2025 21:06:16
97.27,103.41,94.28,99.41,1012,40,1012,1007,29-Jul-2025 21:24:59
96.94,102.74,93.29,99.01,1012,40,1012,1008,29-Jul-2025 21:39:34
96.94,102.74,93.29,99.01,1012,40,1012,1008,29-Jul-2025 21:39:34
96.93,102.7,93.69,98.94,1012,40,1012,1008,29-Jul-2025 21:55:02
96.53,101.93,92.5,98.46,1012,40,1012,1008,29-Jul-2025 22:06:45
96.26,102,92.68,98.15,1012,41,1012,1008,29-Jul-2025 22:17:06
95.88,101.25,92.08,98.1,1012,41,1012,1008,29-Jul-2025 22:21:03
95.29,100.67,91.51,97,1012,42,1012,1008,29-Jul-2025 22:33:54
94.14,98.98,90.5,96.46,1012,43,1012,1008,29-Jul-2025 22:51:25
94.14,98.98,90.5,96.46,1012,43,1012,1008,29-Jul-2025 22:51:25
93.9,98.55,89.73,96.01,1012,43,1012,1008,29-Jul-2025 23:04:50
92.93,97.74,88.14,95.11,1012,45,1012,1008,29-Jul-2025 23:27:34
90.72,95.97,86.2,93.09,1013,50,1013,1008,29-Jul-2025 23:35:48
90.72,95.97,86.2,93.09,1013,50,1013,1008,29-Jul-2025 23:35:48
89.04,94.55,84.88,92.12,1013,54,1013,1008,29-Jul-2025 23:48:58
88,93.38,83.34,90.05,1013,56,1013,1008,30-Jul-2025 00:16:16
84.04,87.85,81.7,86.56,1013,61,1013,1010,30-Jul-2025 00:44:32
83.79,87.17,79.72,85.98,1013,60,1013,1010,30-Jul-2025 01:14:34
82.06,85.28,78.01,83.98,1014,64,1014,1010,30-Jul-2025 01:51:38
80.1,82.87,75.7,82.22,1014,68,1014,1010,30-Jul-2025 02:49:51
79.43,79.43,74.5,81.32,1014,69,1014,1010,30-Jul-2025 03:32:56
79.03,79.03,73.78,81.16,1014,69,1014,1010,30-Jul-2025 03:55:00
78.01,78.85,73.2,80.29,1014,71,1014,1010,30-Jul-2025 04:30:24
77.67,78.51,72.7,79.66,1014,72,1014,1010,30-Jul-2025 04:42:30
77.4,78.22,72.7,79.14,1014,72,1014,1010,30-Jul-2025 05:01:11
77.13,77.92,72.37,79.14,1014,72,1014,1010,30-Jul-2025 05:15:06
76.01,76.78,71.85,77.99,1014,74,1014,1010,30-Jul-2025 05:43:20
75.92,76.73,71.85,77.95,1014,75,1014,1010,30-Jul-2025 05:49:46
76.17,77.02,71.85,78.17,1014,75,1014,1010,30-Jul-2025 05:59:29
75.78,76.53,71.85,77.36,1014,74,1014,1010,30-Jul-2025 06:15:21
75.16,75.87,70.7,77.16,1014,74,1014,1010,30-Jul-2025 06:45:45
75.07,75.76,70.57,77.16,1014,74,1014,1010,30-Jul-2025 06:57:34
74.82,75.49,70.34,77.16,1014,74,1014,1010,30-Jul-2025 07:09:06
74.32,74.97,70.14,75.97,1014,75,1014,1010,30-Jul-2025 07:31:24
74.32,74.97,70.14,75.97,1014,75,1014,1010,30-Jul-2025 07:32:31
74.21,74.86,69.58,76.41,1014,75,1014,1010,30-Jul-2025 07:54:37
74.3,74.95,69.71,76.41,1014,75,1014,1010,30-Jul-2025 08:00:00
73.99,74.62,69.21,76.15,1014,75,1014,1010,30-Jul-2025 08:15:37
73.08,73.65,69.15,75.16,1014,76,1014,1011,30-Jul-2025 08:31:39
73.2,73.94,68.7,75.42,1014,79,1014,1011,30-Jul-2025 08:46:54
73.17,73.9,68.7,75.42,1014,79,1014,1011,30-Jul-2025 08:55:02
72.72,73.45,68.14,75.09,1014,80,1014,1011,30-Jul-2025 09:14:57
72.27,72.95,68,74.77,1014,80,1014,1011,30-Jul-2025 09:28:58
72.1,72.77,68.14,74.41,1015,80,1015,1011,30-Jul-2025 09:44:34
72,72.66,68.14,74.41,1015,80,1015,1011,30-Jul-2025 09:54:43
71.73,72.36,67.5,74.16,1014,80,1014,1011,30-Jul-2025 10:05:59
71.73,72.36,67.5,74.16,1014,80,1014,1011,30-Jul-2025 10:06:47
72.12,72.79,68.2,74.41,1014,80,1014,1011,30-Jul-2025 10:26:16
72.82,73.56,68.43,75.11,1015,80,1015,1012,30-Jul-2025 10:40:29
73.58,74.3,69.21,76.1,1016,78,1016,1012,30-Jul-2025 10:56:28
73.58,74.3,69.21,76.1,1016,78,1016,1012,30-Jul-2025 10:56:28
74.07,74.84,69.31,76.15,1015,78,1015,1012,30-Jul-2025 11:06:54
74.3,75.15,70.43,76.77,1015,79,1015,1012,30-Jul-2025 11:23:58
76.21,77.11,72,78.75,1016,76,1016,1012,30-Jul-2025 11:34:30
77.36,78.19,73.24,80.01,1016,72,1016,1012,30-Jul-2025 11:44:40
77.36,78.19,73.24,80.01,1016,72,1016,1012,30-Jul-2025 11:44:53
78.66,79.38,75.31,81.27,1015,67,1015,1012,30-Jul-2025 12:06:01
79.84,79.84,75.65,82.45,1015,64,1015,1012,30-Jul-2025 12:20:19
81.03,83.55,77.25,83.95,1016,63,1016,1011,30-Jul-2025 12:32:30
82.81,85.42,79.09,85.44,1015,59,1015,1011,30-Jul-2025 13:00:00
82.63,85.15,79.29,85.44,1015,59,1015,1011,30-Jul-2025 13:15:31
84.85,87.82,81.16,87.35,1015,56,1015,1011,30-Jul-2025 13:38:55
85.24,88.16,81.95,88.14,1015,55,1015,1011,30-Jul-2025 13:53:01
86.05,89.17,83.07,89.11,1015,54,1015,1011,30-Jul-2025 14:17:57
86.02,89.11,82.17,89.11,1015,54,1015,1011,30-Jul-2025 14:14:14
87.33,90.63,83.16,90.32,1015,52,1015,1010,30-Jul-2025 14:35:35
87.12,90.63,82.99,90.32,1015,53,1015,1010,30-Jul-2025 14:41:32
88.02,91.81,84.22,91.33,1015,52,1015,1010,30-Jul-2025 15:00:32
87.98,91.76,84.22,91.44,1015,52,1015,1010,30-Jul-2025 15:03:00
88.65,92.16,85.06,91.51,1015,50,1015,1010,30-Jul-2025 15:10:34
89.1,93.36,85.06,92.32,1015,51,1015,1010,30-Jul-2025 15:35:39
89.8,94.23,84.99,93.27,1015,50,1015,1010,30-Jul-2025 15:46:51
89.85,94.32,86,93.43,1015,50,1015,1010,30-Jul-2025 16:06:08
89.91,94.42,86,93.43,1015,50,1015,1010,30-Jul-2025 16:14:00
90.52,95.11,87.01,94.42,1014,49,1014,1009,30-Jul-2025 16:39:33
90.91,95.4,87.01,94.77,1014,48,1014,1009,30-Jul-2025 16:56:21
91.33,96.17,87.01,95.32,1014,48,1014,1009,30-Jul-2025 17:06:56
91.38,96.28,87.01,95.32,1014,48,1014,1009,30-Jul-2025 17:15:02
91.44,95.43,87.1,95.7,1014,46,1014,1009,30-Jul-2025 17:25:53
92.82,98.04,88,96.44,1013,46,1013,1009,30-Jul-2025 17:41:29
92.77,97.43,88,96.44,1013,45,1013,1009,30-Jul-2025 17:47:49
93.07,98.01,89.01,96.53,1014,45,1014,1009,30-Jul-2025 18:05:25
92.95,97.77,88.09,97.32,1014,45,1014,1009,30-Jul-2025 18:18:11
92.88,97.12,88.09,97.43,1013,44,1013,1009,30-Jul-2025 18:32:44
92.89,97.16,87.1,97.43,1013,44,1013,1009,30-Jul-2025 18:45:21
92.93,97.21,87.1,97.43,1013,44,1013,1009,30-Jul-2025 18:56:11
93.42,97.63,88.09,97.32,1013,43,1013,1009,30-Jul-2025 19:17:53
93.47,97.72,88.09,97.52,1013,43,1013,1009,30-Jul-2025 19:23:32
93.49,97.75,88.09,97.5,1013,43,1013,1009,30-Jul-2025 19:29:32
93.9,97.5,89.01,98.33,1013,41,1013,1008,30-Jul-2025 19:40:31
94.08,97.83,89.01,98.53,1013,41,1013,1008,30-Jul-2025 19:45:54
93.76,97.23,89.01,98.33,1013,41,1013,1008,30-Jul-2025 20:01:11
93.65,97.03,89.01,98.33,1013,41,1013,1008,30-Jul-2025 20:14:01
92.19,95.4,87.75,97.27,1013,43,1013,1008,30-Jul-2025 20:27:54
91.29,94.71,86.25,97.11,1012,45,1012,1008,30-Jul-2025 20:46:29
91.53,94.68,87.1,97.11,1012,44,1012,1008,30-Jul-2025 20:53:22
91.09,94.35,86.25,96.22,1012,45,1012,1008,30-Jul-2025 20:55:58
91.27,94.24,85.08,96.33,1012,44,1012,1008,30-Jul-2025 21:10:02
91,94.21,85.08,95.63,1012,45,1012,1008,30-Jul-2025 21:17:05
87.91,91.26,81.21,92.84,1013,51,1013,1009,30-Jul-2025 21:39:49
88.79,92.01,82.65,93.36,1013,49,1013,1009,30-Jul-2025 21:36:17
87.21,90.43,81.07,91.72,1013,52,1013,1009,30-Jul-2025 21:48:39
87.73,90.95,81.45,91.85,1012,51,1012,1009,30-Jul-2025 22:05:12
87.73,90.95,81.45,91.85,1012,51,1012,1009,30-Jul-2025 22:15:00
86.23,89.15,80.55,91.38,1012,53,1012,1009,30-Jul-2025 22:22:48
82.74,85.1,78.08,86.77,1012,58,1012,1008,30-Jul-2025 22:41:28
82.22,84.56,77.16,85.33,1012,59,1012,1008,30-Jul-2025 22:46:19
82.06,84.51,77.07,84.78,1012,60,1012,1008,30-Jul-2025 22:56:46
81.97,84.56,78.22,86.72,1012,61,1012,1008,30-Jul-2025 23:15:45
81.41,83.93,78.22,84.78,1012,62,1012,1008,30-Jul-2025 23:29:18
80.38,82.78,76.95,84.34,1013,64,1013,1009,30-Jul-2025 23:36:59
81.09,83.48,77.22,85.71,1013,62,1013,1009,30-Jul-2025 23:46:20
81.09,83.48,77.22,85.71,1013,62,1013,1009,30-Jul-2025 23:46:20
80.49,82.92,77.95,85.26,1012,64,1012,1009,31-Jul-2025 00:17:57
80.28,82.76,77.2,84.38,1013,65,1013,1010,31-Jul-2025 00:44:47
80.58,83.34,76.95,84.09,1013,66,1013,1010,31-Jul-2025 01:09:48
80.24,83.08,75.22,83.14,1014,68,1014,1010,31-Jul-2025 01:53:18
78.67,79.43,74.19,82.29,1014,68,1014,1010,31-Jul-2025 02:45:49
78.44,79.27,75,80.71,1014,70,1014,1010,31-Jul-2025 03:33:41
78.3,79.12,73.99,80.22,1014,70,1014,1010,31-Jul-2025 04:00:00
78.21,79.07,73.78,80.47,1014,71,1014,1010,31-Jul-2025 04:22:34
78.15,79.05,73.51,80.47,1014,72,1014,1010,31-Jul-2025 04:44:22
78.37,79.25,74.14,80.1,1014,71,1014,1010,31-Jul-2025 05:00:09
78.21,79.11,73,80.1,1014,72,1014,1010,31-Jul-2025 05:14:13
77.13,78.01,73,79.09,1014,74,1014,1010,31-Jul-2025 05:33:17
77.04,77.92,73,79.09,1014,74,1014,1010,31-Jul-2025 05:45:01
77.07,77.95,72.25,78.94,1014,74,1014,1010,31-Jul-2025 05:53:49
76.37,77.29,71.98,78.48,1014,76,1014,1010,31-Jul-2025 06:09:41
76.17,76.96,71.98,78.1,1014,74,1014,1010,31-Jul-2025 06:30:12
75.18,76.03,71.17,77.09,1014,77,1014,1010,31-Jul-2025 06:50:21
74.68,75.47,71.01,76.14,1014,77,1014,1010,31-Jul-2025 07:02:59
74.55,75.33,71.01,76.14,1014,77,1014,1010,31-Jul-2025 07:09:13
74.32,75.16,71.17,75.94,1014,79,1014,1010,31-Jul-2025 07:32:59
73.87,74.77,71.17,75.94,1014,81,1014,1010,31-Jul-2025 07:42:06
73.96,74.86,71.17,75.94,1014,81,1014,1010,31-Jul-2025 07:54:16
73.49,74.35,71.01,75.29,1014,81,1014,1010,31-Jul-2025 08:05:08
73.53,74.43,71.01,75.47,1014,82,1014,1010,31-Jul-2025 08:18:34
73.45,74.35,71.01,75.47,1014,82,1014,1010,31-Jul-2025 08:24:03
72.01,73.06,70.2,73.38,1015,88,1015,1011,31-Jul-2025 08:38:48
71.94,73.02,70.2,73.38,1015,89,1015,1011,31-Jul-2025 08:56:36
71.94,73.02,70.2,73.38,1014,89,1014,1011,31-Jul-2025 09:12:48
72.25,73.22,70.2,73.94,1015,86,1015,1011,31-Jul-2025 09:27:27
72.12,73.08,70,73.94,1015,86,1015,1012,31-Jul-2025 09:44:49
72.12,73.08,70,73.94,1015,86,1015,1012,31-Jul-2025 09:44:37
71.91,72.84,70,73.29,1015,86,1015,1012,31-Jul-2025 09:57:53
72.19,73.15,70.14,73.29,1015,86,1015,1012,31-Jul-2025 10:13:34
72.28,73.17,71.01,73.38,1015,84,1015,1012,31-Jul-2025 10:25:14
73.42,74.32,71.2,74.66,1016,82,1016,1013,31-Jul-2025 10:40:01
73.36,74.21,71.2,74.5,1016,81,1016,1013,31-Jul-2025 10:56:46
73.83,74.68,71.2,75.15,1016,80,1016,1013,31-Jul-2025 10:52:38
73.42,74.23,71.85,74.5,1016,80,1016,1013,31-Jul-2025 11:12:59
74.12,74.89,71.85,75.15,1016,78,1016,1013,31-Jul-2025 11:27:20
74.12,74.89,71.85,75.15,1016,78,1016,1013,31-Jul-2025 11:27:20
75.34,76.19,72.95,76.64,1017,77,1017,1013,31-Jul-2025 11:37:30
75.83,76.64,73,77.32,1017,75,1017,1013,31-Jul-2025 11:53:20
75.78,76.59,73,77.32,1017,75,1017,1013,31-Jul-2025 11:58:32
76.08,76.87,73.94,77.38,1016,74,1016,1013,31-Jul-2025 12:19:59
77.18,77.88,74.3,78.33,1017,70,1017,1013,31-Jul-2025 12:35:42
76.95,77.63,74.3,78.33,1017,70,1017,1013,31-Jul-2025 12:58:51
76.44,77.16,73.67,78.33,1017,72,1017,1013,31-Jul-2025 13:20:19
76.15,76.89,73.94,78.17,1017,73,1017,1013,31-Jul-2025 13:42:11
76.12,76.82,73.36,78.12,1017,72,1017,1013,31-Jul-2025 13:57:19
76.08,76.73,73.15,78.08,1017,71,1017,1013,31-Jul-2025 14:02:54
75.6,76.19,72.95,77.56,1017,71,1017,1013,31-Jul-2025 14:20:41
75.42,75.96,72.66,77.5,1018,70,1018,1014,31-Jul-2025 14:30:22
74.08,74.57,71.64,76.14,1018,72,1018,1014,31-Jul-2025 14:47:02
72.52,72.99,70.16,74.5,1018,75,1018,1014,31-Jul-2025 15:08:07
71.73,72.32,70.09,74.32,1018,79,1018,1014,31-Jul-2025 15:20:04
70.72,71.29,68.95,73.51,1018,81,1018,1014,31-Jul-2025 15:47:10
70.66,71.24,68.95,73.51,1018,81,1018,1014,31-Jul-2025 15:50:29
70.45,71.04,68.95,72.57,1018,82,1018,1014,31-Jul-2025 16:12:50
70.45,71.04,68.95,72.57,1018,82,1018,1014,31-Jul-2025 16:07:47
69.91,70.45,67.95,72.41,1018,82,1018,1014,31-Jul-2025 16:37:31
69.84,70.38,67.95,72.41,1018,82,1018,1014,31-Jul-2025 16:44:55
69.98,70.54,68.09,72.41,1018,82,1018,1014,31-Jul-2025 16:53:54
70.21,70.74,68.56,72.41,1018,81,1018,1014,31-Jul-2025 17:12:09
70.54,70.95,68.72,72.41,1018,78,1018,1014,31-Jul-2025 17:30:24
70.54,70.95,68.72,72.41,1018,78,1018,1014,31-Jul-2025 17:37:48
70.61,70.99,68.14,72.41,1019,77,1019,1014,31-Jul-2025 17:54:36
70.25,70.59,68.25,72.14,1019,77,1019,1014,31-Jul-2025 18:05:40
70.29,70.63,68.25,72.3,1019,77,1019,1014,31-Jul-2025 18:07:32
69.57,69.94,66.15,71.71,1019,79,1019,1014,31-Jul-2025 18:33:42
69.19,69.51,66.16,71.71,1018,79,1018,1014,31-Jul-2025 18:46:25
69.22,69.57,66.16,71.71,1018,79,1018,1014,31-Jul-2025 18:50:05
68.58,68.94,65.16,71.71,1018,81,1018,1014,31-Jul-2025 19:16:13
68.11,68.61,64.65,70.14,1018,85,1018,1014,31-Jul-2025 19:23:38
67.41,67.69,64.29,70.14,1018,82,1018,1014,31-Jul-2025 19:33:35
67.41,67.69,64.29,70.14,1018,82,1018,1014,31-Jul-2025 19:33:35
67.01,67.32,64.17,70.14,1018,83,1018,1014,31-Jul-2025 19:43:38
66.4,66.63,64.15,69.33,1019,83,1019,1014,31-Jul-2025 20:07:13
65.82,66,63.14,68.32,1019,83,1019,1015,31-Jul-2025 20:32:44
65.43,65.62,63.16,67.87,1019,84,1019,1015,31-Jul-2025 20:45:59
65.39,65.62,63.01,67.87,1019,85,1019,1015,31-Jul-2025 20:50:59
65.12,65.34,62.85,67.5,1019,85,1019,1015,31-Jul-2025 20:55:31
64.72,64.89,62.56,67.32,1018,85,1018,1015,31-Jul-2025 21:15:00
63.95,64.09,62.02,66.69,1018,86,1018,1015,31-Jul-2025 21:25:59
63.82,63.95,61.72,66.69,1019,86,1019,1015,31-Jul-2025 21:33:16
63.7,63.81,61.72,66.33,1019,86,1019,1015,31-Jul-2025 21:47:46
63.7,63.81,61.72,66.33,1019,86,1019,1015,31-Jul-2025 21:47:46
63.46,63.55,61.38,66.09,1019,86,1019,1015,31-Jul-2025 21:59:26
63.16,63.21,61.38,65.5,1019,86,1019,1015,31-Jul-2025 22:09:59
62.94,63.03,61.02,65.68,1019,87,1019,1015,31-Jul-2025 22:29:36
62.96,63.05,61.02,65.41,1019,87,1019,1015,31-Jul-2025 22:43:22
62.98,63.07,61.02,65.3,1019,87,1019,1015,31-Jul-2025 22:51:13
62.91,62.98,61.02,65.3,1019,87,1019,1015,31-Jul-2025 22:58:06
62.92,63.01,61.02,65.3,1019,87,1019,1015,31-Jul-2025 23:15:01
62.83,62.91,61.02,65.14,1019,87,1019,1015,31-Jul-2025 23:25:29
62.78,62.85,61.02,65.08,1020,87,1020,1016,31-Jul-2025 23:37:11
62.78,62.85,61.02,65.08,1020,87,1020,1016,31-Jul-2025 23:37:11
62.56,62.65,60.67,64.78,1020,88,1020,1016,31-Jul-2025 23:52:38
62.35,62.42,60.73,64.31,1020,88,1020,1016,01-Aug-2025 00:14:30
62.19,62.24,60.39,64.15,1020,88,1020,1016,01-Aug-2025 00:46:42
61.95,61.99,60.39,63.64,1020,88,1020,1016,01-Aug-2025 01:20:13
61.84,61.86,60.39,63.14,1020,88,1020,1017,01-Aug-2025 02:03:36
61.56,61.59,59.67,63.23,1021,89,1021,1017,01-Aug-2025 02:55:03
61.12,61.12,59.67,62.65,1020,89,1020,1016,01-Aug-2025 03:49:02
61.16,61.16,59.67,62.65,1020,89,1020,1016,01-Aug-2025 04:17:00
61.16,61.16,59.67,62.65,1020,89,1020,1017,01-Aug-2025 04:36:49
61.05,61.09,59.67,62.65,1020,90,1020,1017,01-Aug-2025 05:04:11
61.05,61.09,59.67,62.65,1020,90,1020,1017,01-Aug-2025 05:14:30
61.25,61.3,59.38,62.98,1020,90,1020,1017,01-Aug-2025 05:33:17
61.18,61.18,59.38,62.65,1020,89,1020,1017,01-Aug-2025 05:53:20
61.25,61.25,59.38,62.71,1020,89,1020,1017,01-Aug-2025 06:04:19
61.16,61.16,59.38,62.71,1020,89,1020,1016,01-Aug-2025 06:31:34
61.12,61.12,59.38,62.58,1020,89,1020,1016,01-Aug-2025 06:43:41
60.69,60.64,59.14,62.01,1020,89,1020,1016,01-Aug-2025 07:08:29
60.69,60.64,59.14,62.01,1020,89,1020,1016,01-Aug-2025 07:09:15
60.49,60.42,59.09,61.68,1020,89,1020,1016,01-Aug-2025 07:22:31
60.44,60.37,59.09,61.45,1020,89,1020,1016,01-Aug-2025 07:33:38
60.39,60.31,59.02,61.32,1020,89,1020,1016,01-Aug-2025 07:43:41
60.3,60.21,58.66,61.45,1020,89,1020,1016,01-Aug-2025 08:05:00
60.28,60.19,58.66,61.23,1020,89,1020,1016,01-Aug-2025 08:10:26
60.24,60.15,58.37,61.45,1020,89,1020,1016,01-Aug-2025 08:25:56
60.24,60.15,58.37,61.23,1021,89,1021,1017,01-Aug-2025 08:37:32
60.12,60.01,58.37,61.23,1021,89,1021,1017,01-Aug-2025 08:58:41
60.06,59.95,58.37,61.57,1020,89,1020,1017,01-Aug-2025 09:14:28
59.86,59.74,58.01,61.57,1020,89,1020,1017,01-Aug-2025 09:26:45
59.65,59.5,58.01,61.57,1021,89,1021,1017,01-Aug-2025 09:43:17
59.68,59.54,58.01,61.3,1021,89,1021,1017,01-Aug-2025 09:50:57
59.68,59.54,58.01,61.3,1021,89,1021,1017,01-Aug-2025 09:54:13
59.67,59.52,58.01,61.23,1021,89,1021,1017,01-Aug-2025 10:18:02
59.7,59.56,58.01,61.23,1021,89,1021,1017,01-Aug-2025 10:32:49
59.76,59.61,58.01,61.57,1021,89,1021,1017,01-Aug-2025 10:43:26
59.81,59.67,58.01,61.57,1021,89,1021,1017,01-Aug-2025 10:56:54
59.88,59.76,58.42,61.57,1021,89,1021,1017,01-Aug-2025 11:03:32
59.92,59.79,58.42,61.57,1021,89,1021,1017,01-Aug-2025 11:05:14
60.1,59.99,58.42,61.57,1021,89,1021,1017,01-Aug-2025 11:20:22
60.26,60.17,58.42,61.57,1022,89,1022,1018,01-Aug-2025 11:34:59
60.26,60.17,58.42,61.57,1022,89,1022,1018,01-Aug-2025 11:34:59
60.44,60.31,59.02,61.57,1022,88,1022,1018,01-Aug-2025 11:51:09
60.48,60.37,59.02,62.2,1022,88,1022,1018,01-Aug-2025 11:56:02
60.71,60.62,59.09,62.24,1022,88,1022,1018,01-Aug-2025 12:20:28
60.82,60.73,59.09,62.31,1022,88,1022,1018,01-Aug-2025 12:28:55
61.68,61.77,59.63,63.25,1022,90,1022,1018,01-Aug-2025 12:54:37
62.71,62.87,60.44,64.38,1022,89,1022,1018,01-Aug-2025 13:22:30
62.89,63.07,61.29,64.78,1022,89,1022,1018,01-Aug-2025 13:33:30
63.81,63.93,61.29,66.11,1022,86,1022,1018,01-Aug-2025 13:58:07
64.51,64.71,61.29,67.19,1022,86,1022,1018,01-Aug-2025 14:09:07
65.3,65.48,62.1,67.26,1022,84,1022,1018,01-Aug-2025 14:22:59
66.65,66.92,62.94,69.35,1022,83,1022,1018,01-Aug-2025 14:35:31
67.57,67.78,64.33,69.73,1022,80,1022,1018,01-Aug-2025 14:48:31
67.73,67.96,64.94,70.12,1022,80,1022,1018,01-Aug-2025 14:54:00
68.32,68.38,64.99,70.77,1022,75,1022,1018,01-Aug-2025 15:10:13
68.9,68.83,65.28,71.26,1022,71,1022,1018,01-Aug-2025 15:20:36
70.09,70.09,67.14,72.14,1022,70,1022,1018,01-Aug-2025 15:38:22
70.21,70.23,67.14,72.25,1022,70,1022,1018,01-Aug-2025 15:44:21
70.56,70.56,67.14,72.77,1022,69,1022,1018,01-Aug-2025 15:54:31
71.2,71.22,68.14,73.26,1022,68,1022,1018,01-Aug-2025 16:02:41
71.44,71.38,68.14,73.78,1022,66,1022,1018,01-Aug-2025 16:19:19
71.6,71.51,68.14,74.05,1022,65,1022,1018,01-Aug-2025 16:29:12
71.82,71.71,68.67,74.25,1022,64,1022,1017,01-Aug-2025 16:40:29
72.01,71.92,68.67,74.34,1022,64,1022,1017,01-Aug-2025 16:51:49
72.41,72.32,69.15,74.77,1022,63,1022,1017,01-Aug-2025 17:04:44
73.13,73,69.89,75.25,1022,61,1022,1017,01-Aug-2025 17:25:39
73.49,73.36,70.3,75.63,1022,60,1022,1018,01-Aug-2025 17:34:03
73.49,73.31,70.3,75.58,1022,59,1022,1018,01-Aug-2025 17:55:43
73.51,73.33,70.3,75.58,1022,59,1022,1018,01-Aug-2025 17:54:16
73.94,73.76,70.47,75.78,1021,58,1021,1018,01-Aug-2025 18:15:31
74.03,73.76,70.36,76.06,1021,56,1021,1018,01-Aug-2025 18:26:17
73.96,73.69,70.47,76.5,1022,56,1022,1017,01-Aug-2025 18:40:08
74.05,73.74,70.95,76.33,1022,55,1022,1017,01-Aug-2025 18:58:18
74.25,73.81,70.95,76.41,1022,52,1022,1017,01-Aug-2025 19:08:41
74.34,74.01,70.95,76.77,1022,54,1022,1017,01-Aug-2025 19:22:34
74.34,74.01,70.95,76.77,1022,54,1022,1017,01-Aug-2025 19:22:33
74.16,73.72,71.15,76.41,1021,52,1021,1017,01-Aug-2025 19:33:44
73.92,73.45,71.15,76.41,1022,52,1022,1017,01-Aug-2025 19:50:00
74.21,73.72,71.01,76.62,1022,51,1022,1017,01-Aug-2025 20:01:01
74.14,73.65,70.47,76.41,1022,51,1022,1017,01-Aug-2025 20:18:06
74.17,73.69,70.47,76.41,1022,51,1022,1017,01-Aug-2025 20:26:55
73.81,73.35,70.5,76.15,1022,52,1022,1017,01-Aug-2025 20:44:23
73.6,73.09,70.47,75.63,1022,52,1022,1017,01-Aug-2025 20:46:13
73.29,72.81,70.09,75.63,1022,53,1022,1017,01-Aug-2025 20:56:44
72.9,72.28,69.51,75.63,1022,51,1022,1017,01-Aug-2025 21:17:50
72.61,71.96,69.3,75.22,1022,51,1022,1017,01-Aug-2025 21:28:50
72.61,71.96,69.3,75.22,1022,51,1022,1017,01-Aug-2025 21:26:31
72.19,71.42,69.15,74.62,1022,49,1022,1018,01-Aug-2025 21:41:12
71.92,71.11,68.67,74.34,1022,49,1022,1018,01-Aug-2025 21:54:48
71.51,70.72,68.14,74.16,1022,50,1022,1018,01-Aug-2025 22:05:27
71.31,70.5,68.09,74.08,1022,50,1022,1018,01-Aug-2025 22:12:42
70.72,69.89,67.5,73.53,1022,51,1022,1018,01-Aug-2025 22:23:40
70.47,69.71,67.23,72.52,1022,53,1022,1018,01-Aug-2025 22:40:05
69.89,69.06,66.94,72.21,1022,53,1022,1018,01-Aug-2025 22:49:35
69.31,68.49,66.51,71.98,1022,54,1022,1018,01-Aug-2025 23:00:04
69.01,68.2,66.51,71.31,1022,55,1022,1018,01-Aug-2025 23:15:10
68.25,67.46,65.7,70.52,1022,57,1022,1018,01-Aug-2025 23:25:33
66.81,66.11,64.51,69.21,1022,62,1022,1018,01-Aug-2025 23:35:02
66.72,66,64.29,69.21,1022,62,1022,1018,01-Aug-2025 23:35:59
66.45,65.71,63.66,68.34,1022,62,1022,1018,01-Aug-2025 23:48:01
65.59,64.81,62.51,67.44,1022,63,1022,1018,02-Aug-2025 00:10:40
64.44,63.68,61.43,66.58,1022,66,1022,1018,02-Aug-2025 00:28:30
62.62,61.86,58.69,64.35,1023,70,1023,1018,02-Aug-2025 01:12:56
60.75,59.99,57,62.85,1023,74,1023,1019,02-Aug-2025 02:00:53
60.21,59.45,55.99,62.29,1023,75,1023,1019,02-Aug-2025 02:40:03
59.5,58.68,55.51,62.1,1023,75,1023,1019,02-Aug-2025 03:21:53
59.13,58.26,55.15,61.45,1023,75,1023,1019,02-Aug-2025 03:43:35
59.11,58.24,55.15,61.45,1023,75,1023,1019,02-Aug-2025 04:00:08
58.86,58.15,54.41,61.29,1023,79,1023,1019,02-Aug-2025 04:19:31
58.59,57.87,54.3,61.29,1023,79,1023,1019,02-Aug-2025 04:44:03
58.46,57.72,53.98,61.11,1023,79,1023,1019,02-Aug-2025 04:54:17
58.08,57.31,53.98,60.94,1023,79,1023,1019,02-Aug-2025 05:05:06
57.67,56.89,53.71,60.3,1022,80,1022,1019,02-Aug-2025 05:29:00
57.34,56.59,53.35,60.12,1023,81,1023,1019,02-Aug-2025 05:32:29
57.25,56.44,53.33,60.1,1023,80,1023,1019,02-Aug-2025 05:50:42
57.18,56.35,53.33,60.3,1022,80,1022,1019,02-Aug-2025 06:05:59
57.18,56.35,53.33,60.3,1022,80,1022,1019,02-Aug-2025 06:15:34
57.25,56.39,53.33,60.1,1022,79,1022,1019,02-Aug-2025 06:28:07
57,56.16,53.38,59.95,1022,80,1022,1018,02-Aug-2025 06:45:02
56.84,55.98,52.56,59.41,1022,80,1022,1018,02-Aug-2025 06:48:31
56.5,55.65,52.38,59.29,1022,81,1022,1018,02-Aug-2025 07:09:46
56.39,55.54,52.32,59.29,1023,81,1023,1018,02-Aug-2025 07:17:20
56.14,55.26,52.32,59.07,1023,81,1023,1018,02-Aug-2025 07:31:10
56.19,55.31,52.32,59.07,1023,81,1023,1018,02-Aug-2025 07:40:47
55.98,55.08,52.32,59.07,1023,81,1023,1018,02-Aug-2025 07:52:35
